eplus_zone_name,lights_object_name,electric_equipment_object_name,ptac_object_name,fan_object_name,cooling_coil_object_name,heating_coil_object_name
ZN_0001_12B24915,ZN_0001_12B24915_Lights,ZN_0001_12B24915_Equipment,ZN_0001_12B24915_PTAC,ZN_0001_12B24915_PTAC_FAN,ZN_0001_12B24915_PTAC_DX_COOL,ZN_0001_12B24915_PTAC_ELEC_HEAT
ZN_0002_2F584023,ZN_0002_2F584023_Lights,ZN_0002_2F584023_Equipment,ZN_0002_2F584023_PTAC,ZN_0002_2F584023_PTAC_FAN,ZN_0002_2F584023_PTAC_DX_COOL,ZN_0002_2F584023_PTAC_ELEC_HEAT
ZN_0003_4700456C,ZN_0003_4700456C_Lights,ZN_0003_4700456C_Equipment,ZN_0003_4700456C_PTAC,ZN_0003_4700456C_PTAC_FAN,ZN_0003_4700456C_PTAC_DX_COOL,ZN_0003_4700456C_PTAC_ELEC_HEAT
ZN_0004_25E92350,ZN_0004_25E92350_Lights,ZN_0004_25E92350_Equipment,ZN_0004_25E92350_PTAC,ZN_0004_25E92350_PTAC_FAN,ZN_0004_25E92350_PTAC_DX_COOL,ZN_0004_25E92350_PTAC_ELEC_HEAT
ZN_0005_EFA813DD,ZN_0005_EFA813DD_Lights,ZN_0005_EFA813DD_Equipment,ZN_0005_EFA813DD_PTAC,ZN_0005_EFA813DD_PTAC_FAN,ZN_0005_EFA813DD_PTAC_DX_COOL,ZN_0005_EFA813DD_PTAC_ELEC_HEAT
ZN_0006_4407D7F3,ZN_0006_4407D7F3_Lights,ZN_0006_4407D7F3_Equipment,ZN_0006_4407D7F3_PTAC,ZN_0006_4407D7F3_PTAC_FAN,ZN_0006_4407D7F3_PTAC_DX_COOL,ZN_0006_4407D7F3_PTAC_ELEC_HEAT
ZN_0007_D6F3BDF2,ZN_0007_D6F3BDF2_Lights,ZN_0007_D6F3BDF2_Equipment,,,,
ZN_0008_AACD45D4,ZN_0008_AACD45D4_Lights,ZN_0008_AACD45D4_Equipment,ZN_0008_AACD45D4_PTAC,ZN_0008_AACD45D4_PTAC_FAN,ZN_0008_AACD45D4_PTAC_DX_COOL,ZN_0008_AACD45D4_PTAC_ELEC_HEAT
ZN_0009_4DD171D8,ZN_0009_4DD171D8_Lights,ZN_0009_4DD171D8_Equipment,ZN_0009_4DD171D8_PTAC,ZN_0009_4DD171D8_PTAC_FAN,ZN_0009_4DD171D8_PTAC_DX_COOL,ZN_0009_4DD171D8_PTAC_ELEC_HEAT
ZN_0010_CDF1301F,ZN_0010_CDF1301F_Lights,ZN_0010_CDF1301F_Equipment,ZN_0010_CDF1301F_PTAC,ZN_0010_CDF1301F_PTAC_FAN,ZN_0010_CDF1301F_PTAC_DX_COOL,ZN_0010_CDF1301F_PTAC_ELEC_HEAT
ZN_0011_666FDF42,ZN_0011_666FDF42_Lights,ZN_0011_666FDF42_Equipment,ZN_0011_666FDF42_PTAC,ZN_0011_666FDF42_PTAC_FAN,ZN_0011_666FDF42_PTAC_DX_COOL,ZN_0011_666FDF42_PTAC_ELEC_HEAT
ZN_0012_CCD0FB84,ZN_0012_CCD0FB84_Lights,ZN_0012_CCD0FB84_Equipment,ZN_0012_CCD0FB84_PTAC,ZN_0012_CCD0FB84_PTAC_FAN,ZN_0012_CCD0FB84_PTAC_DX_COOL,ZN_0012_CCD0FB84_PTAC_ELEC_HEAT
ZN_0013_CA43A6D5,ZN_0013_CA43A6D5_Lights,ZN_0013_CA43A6D5_Equipment,ZN_0013_CA43A6D5_PTAC,ZN_0013_CA43A6D5_PTAC_FAN,ZN_0013_CA43A6D5_PTAC_DX_COOL,ZN_0013_CA43A6D5_PTAC_ELEC_HEAT
ZN_0014_216FB997,ZN_0014_216FB997_Lights,ZN_0014_216FB997_Equipment,ZN_0014_216FB997_PTAC,ZN_0014_216FB997_PTAC_FAN,ZN_0014_216FB997_PTAC_DX_COOL,ZN_0014_216FB997_PTAC_ELEC_HEAT
ZN_0015_F88985B3,ZN_0015_F88985B3_Lights,ZN_0015_F88985B3_Equipment,ZN_0015_F88985B3_PTAC,ZN_0015_F88985B3_PTAC_FAN,ZN_0015_F88985B3_PTAC_DX_COOL,ZN_0015_F88985B3_PTAC_ELEC_HEAT
ZN_0016_403E76CD,ZN_0016_403E76CD_Lights,ZN_0016_403E76CD_Equipment,ZN_0016_403E76CD_PTAC,ZN_0016_403E76CD_PTAC_FAN,ZN_0016_403E76CD_PTAC_DX_COOL,ZN_0016_403E76CD_PTAC_ELEC_HEAT
ZN_0017_645665DC,ZN_0017_645665DC_Lights,ZN_0017_645665DC_Equipment,ZN_0017_645665DC_PTAC,ZN_0017_645665DC_PTAC_FAN,ZN_0017_645665DC_PTAC_DX_COOL,ZN_0017_645665DC_PTAC_ELEC_HEAT
ZN_0018_FF16F60F,ZN_0018_FF16F60F_Lights,ZN_0018_FF16F60F_Equipment,ZN_0018_FF16F60F_PTAC,ZN_0018_FF16F60F_PTAC_FAN,ZN_0018_FF16F60F_PTAC_DX_COOL,ZN_0018_FF16F60F_PTAC_ELEC_HEAT
ZN_0019_E1546479,ZN_0019_E1546479_Lights,ZN_0019_E1546479_Equipment,ZN_0019_E1546479_PTAC,ZN_0019_E1546479_PTAC_FAN,ZN_0019_E1546479_PTAC_DX_COOL,ZN_0019_E1546479_PTAC_ELEC_HEAT
ZN_0020_E4647E0B,ZN_0020_E4647E0B_Lights,ZN_0020_E4647E0B_Equipment,ZN_0020_E4647E0B_PTAC,ZN_0020_E4647E0B_PTAC_FAN,ZN_0020_E4647E0B_PTAC_DX_COOL,ZN_0020_E4647E0B_PTAC_ELEC_HEAT
ZN_0021_D0A7D8D3,ZN_0021_D0A7D8D3_Lights,ZN_0021_D0A7D8D3_Equipment,ZN_0021_D0A7D8D3_PTAC,ZN_0021_D0A7D8D3_PTAC_FAN,ZN_0021_D0A7D8D3_PTAC_DX_COOL,ZN_0021_D0A7D8D3_PTAC_ELEC_HEAT
ZN_0022_CCAC5F6A,ZN_0022_CCAC5F6A_Lights,ZN_0022_CCAC5F6A_Equipment,ZN_0022_CCAC5F6A_PTAC,ZN_0022_CCAC5F6A_PTAC_FAN,ZN_0022_CCAC5F6A_PTAC_DX_COOL,ZN_0022_CCAC5F6A_PTAC_ELEC_HEAT
ZN_0023_A8AB6EC0,ZN_0023_A8AB6EC0_Lights,ZN_0023_A8AB6EC0_Equipment,ZN_0023_A8AB6EC0_PTAC,ZN_0023_A8AB6EC0_PTAC_FAN,ZN_0023_A8AB6EC0_PTAC_DX_COOL,ZN_0023_A8AB6EC0_PTAC_ELEC_HEAT
ZN_0024_2C71F249,ZN_0024_2C71F249_Lights,ZN_0024_2C71F249_Equipment,ZN_0024_2C71F249_PTAC,ZN_0024_2C71F249_PTAC_FAN,ZN_0024_2C71F249_PTAC_DX_COOL,ZN_0024_2C71F249_PTAC_ELEC_HEAT
ZN_0025_1AA93AF2,ZN_0025_1AA93AF2_Lights,ZN_0025_1AA93AF2_Equipment,ZN_0025_1AA93AF2_PTAC,ZN_0025_1AA93AF2_PTAC_FAN,ZN_0025_1AA93AF2_PTAC_DX_COOL,ZN_0025_1AA93AF2_PTAC_ELEC_HEAT
ZN_0026_11101CB4,ZN_0026_11101CB4_Lights,ZN_0026_11101CB4_Equipment,ZN_0026_11101CB4_PTAC,ZN_0026_11101CB4_PTAC_FAN,ZN_0026_11101CB4_PTAC_DX_COOL,ZN_0026_11101CB4_PTAC_ELEC_HEAT
ZN_0027_09FD8042,ZN_0027_09FD8042_Lights,ZN_0027_09FD8042_Equipment,ZN_0027_09FD8042_PTAC,ZN_0027_09FD8042_PTAC_FAN,ZN_0027_09FD8042_PTAC_DX_COOL,ZN_0027_09FD8042_PTAC_ELEC_HEAT
ZN_0028_99B51E86,ZN_0028_99B51E86_Lights,ZN_0028_99B51E86_Equipment,,,,
ZN_0029_EBFF8A64,ZN_0029_EBFF8A64_Lights,ZN_0029_EBFF8A64_Equipment,ZN_0029_EBFF8A64_PTAC,ZN_0029_EBFF8A64_PTAC_FAN,ZN_0029_EBFF8A64_PTAC_DX_COOL,ZN_0029_EBFF8A64_PTAC_ELEC_HEAT
ZN_0030_D2E42246,ZN_0030_D2E42246_Lights,ZN_0030_D2E42246_Equipment,ZN_0030_D2E42246_PTAC,ZN_0030_D2E42246_PTAC_FAN,ZN_0030_D2E42246_PTAC_DX_COOL,ZN_0030_D2E42246_PTAC_ELEC_HEAT
ZN_0031_FAD1FC41,ZN_0031_FAD1FC41_Lights,ZN_0031_FAD1FC41_Equipment,ZN_0031_FAD1FC41_PTAC,ZN_0031_FAD1FC41_PTAC_FAN,ZN_0031_FAD1FC41_PTAC_DX_COOL,ZN_0031_FAD1FC41_PTAC_ELEC_HEAT
ZN_0032_6F561391,ZN_0032_6F561391_Lights,ZN_0032_6F561391_Equipment,ZN_0032_6F561391_PTAC,ZN_0032_6F561391_PTAC_FAN,ZN_0032_6F561391_PTAC_DX_COOL,ZN_0032_6F561391_PTAC_ELEC_HEAT
ZN_0033_D39EEAB2,ZN_0033_D39EEAB2_Lights,ZN_0033_D39EEAB2_Equipment,ZN_0033_D39EEAB2_PTAC,ZN_0033_D39EEAB2_PTAC_FAN,ZN_0033_D39EEAB2_PTAC_DX_COOL,ZN_0033_D39EEAB2_PTAC_ELEC_HEAT
ZN_0034_07287086,ZN_0034_07287086_Lights,ZN_0034_07287086_Equipment,ZN_0034_07287086_PTAC,ZN_0034_07287086_PTAC_FAN,ZN_0034_07287086_PTAC_DX_COOL,ZN_0034_07287086_PTAC_ELEC_HEAT
ZN_0035_F6236351,ZN_0035_F6236351_Lights,ZN_0035_F6236351_Equipment,ZN_0035_F6236351_PTAC,ZN_0035_F6236351_PTAC_FAN,ZN_0035_F6236351_PTAC_DX_COOL,ZN_0035_F6236351_PTAC_ELEC_HEAT
ZN_0036_E3B484D9,ZN_0036_E3B484D9_Lights,ZN_0036_E3B484D9_Equipment,ZN_0036_E3B484D9_PTAC,ZN_0036_E3B484D9_PTAC_FAN,ZN_0036_E3B484D9_PTAC_DX_COOL,ZN_0036_E3B484D9_PTAC_ELEC_HEAT
ZN_0037_D1EA7236,ZN_0037_D1EA7236_Lights,ZN_0037_D1EA7236_Equipment,ZN_0037_D1EA7236_PTAC,ZN_0037_D1EA7236_PTAC_FAN,ZN_0037_D1EA7236_PTAC_DX_COOL,ZN_0037_D1EA7236_PTAC_ELEC_HEAT
ZN_0038_CD8851FE,ZN_0038_CD8851FE_Lights,ZN_0038_CD8851FE_Equipment,ZN_0038_CD8851FE_PTAC,ZN_0038_CD8851FE_PTAC_FAN,ZN_0038_CD8851FE_PTAC_DX_COOL,ZN_0038_CD8851FE_PTAC_ELEC_HEAT
ZN_0039_805816AB,ZN_0039_805816AB_Lights,ZN_0039_805816AB_Equipment,ZN_0039_805816AB_PTAC,ZN_0039_805816AB_PTAC_FAN,ZN_0039_805816AB_PTAC_DX_COOL,ZN_0039_805816AB_PTAC_ELEC_HEAT
ZN_0040_E6ECC151,ZN_0040_E6ECC151_Lights,ZN_0040_E6ECC151_Equipment,ZN_0040_E6ECC151_PTAC,ZN_0040_E6ECC151_PTAC_FAN,ZN_0040_E6ECC151_PTAC_DX_COOL,ZN_0040_E6ECC151_PTAC_ELEC_HEAT
ZN_0041_BD9F7171,ZN_0041_BD9F7171_Lights,ZN_0041_BD9F7171_Equipment,ZN_0041_BD9F7171_PTAC,ZN_0041_BD9F7171_PTAC_FAN,ZN_0041_BD9F7171_PTAC_DX_COOL,ZN_0041_BD9F7171_PTAC_ELEC_HEAT
ZN_0042_93E09D7C,ZN_0042_93E09D7C_Lights,ZN_0042_93E09D7C_Equipment,ZN_0042_93E09D7C_PTAC,ZN_0042_93E09D7C_PTAC_FAN,ZN_0042_93E09D7C_PTAC_DX_COOL,ZN_0042_93E09D7C_PTAC_ELEC_HEAT
ZN_0043_32E0336D,ZN_0043_32E0336D_Lights,ZN_0043_32E0336D_Equipment,ZN_0043_32E0336D_PTAC,ZN_0043_32E0336D_PTAC_FAN,ZN_0043_32E0336D_PTAC_DX_COOL,ZN_0043_32E0336D_PTAC_ELEC_HEAT
ZN_0044_62C79DBA,ZN_0044_62C79DBA_Lights,ZN_0044_62C79DBA_Equipment,ZN_0044_62C79DBA_PTAC,ZN_0044_62C79DBA_PTAC_FAN,ZN_0044_62C79DBA_PTAC_DX_COOL,ZN_0044_62C79DBA_PTAC_ELEC_HEAT
ZN_0045_E89C8486,ZN_0045_E89C8486_Lights,ZN_0045_E89C8486_Equipment,ZN_0045_E89C8486_PTAC,ZN_0045_E89C8486_PTAC_FAN,ZN_0045_E89C8486_PTAC_DX_COOL,ZN_0045_E89C8486_PTAC_ELEC_HEAT
ZN_0046_72F797FC,ZN_0046_72F797FC_Lights,ZN_0046_72F797FC_Equipment,ZN_0046_72F797FC_PTAC,ZN_0046_72F797FC_PTAC_FAN,ZN_0046_72F797FC_PTAC_DX_COOL,ZN_0046_72F797FC_PTAC_ELEC_HEAT
ZN_0047_8D349150,ZN_0047_8D349150_Lights,ZN_0047_8D349150_Equipment,ZN_0047_8D349150_PTAC,ZN_0047_8D349150_PTAC_FAN,ZN_0047_8D349150_PTAC_DX_COOL,ZN_0047_8D349150_PTAC_ELEC_HEAT
ZN_0048_74763835,ZN_0048_74763835_Lights,ZN_0048_74763835_Equipment,ZN_0048_74763835_PTAC,ZN_0048_74763835_PTAC_FAN,ZN_0048_74763835_PTAC_DX_COOL,ZN_0048_74763835_PTAC_ELEC_HEAT
ZN_0049_2C5722CB,ZN_0049_2C5722CB_Lights,ZN_0049_2C5722CB_Equipment,ZN_0049_2C5722CB_PTAC,ZN_0049_2C5722CB_PTAC_FAN,ZN_0049_2C5722CB_PTAC_DX_COOL,ZN_0049_2C5722CB_PTAC_ELEC_HEAT
ZN_0050_44FE4565,ZN_0050_44FE4565_Lights,ZN_0050_44FE4565_Equipment,ZN_0050_44FE4565_PTAC,ZN_0050_44FE4565_PTAC_FAN,ZN_0050_44FE4565_PTAC_DX_COOL,ZN_0050_44FE4565_PTAC_ELEC_HEAT
ZN_0051_D4714813,ZN_0051_D4714813_Lights,ZN_0051_D4714813_Equipment,ZN_0051_D4714813_PTAC,ZN_0051_D4714813_PTAC_FAN,ZN_0051_D4714813_PTAC_DX_COOL,ZN_0051_D4714813_PTAC_ELEC_HEAT
ZN_0052_AA318482,ZN_0052_AA318482_Lights,ZN_0052_AA318482_Equipment,ZN_0052_AA318482_PTAC,ZN_0052_AA318482_PTAC_FAN,ZN_0052_AA318482_PTAC_DX_COOL,ZN_0052_AA318482_PTAC_ELEC_HEAT
ZN_0053_ECA294FF,ZN_0053_ECA294FF_Lights,ZN_0053_ECA294FF_Equipment,ZN_0053_ECA294FF_PTAC,ZN_0053_ECA294FF_PTAC_FAN,ZN_0053_ECA294FF_PTAC_DX_COOL,ZN_0053_ECA294FF_PTAC_ELEC_HEAT
ZN_0054_0927E1E7,ZN_0054_0927E1E7_Lights,ZN_0054_0927E1E7_Equipment,ZN_0054_0927E1E7_PTAC,ZN_0054_0927E1E7_PTAC_FAN,ZN_0054_0927E1E7_PTAC_DX_COOL,ZN_0054_0927E1E7_PTAC_ELEC_HEAT
ZN_0055_D135CC29,ZN_0055_D135CC29_Lights,ZN_0055_D135CC29_Equipment,ZN_0055_D135CC29_PTAC,ZN_0055_D135CC29_PTAC_FAN,ZN_0055_D135CC29_PTAC_DX_COOL,ZN_0055_D135CC29_PTAC_ELEC_HEAT
ZN_0056_5A421ED2,ZN_0056_5A421ED2_Lights,ZN_0056_5A421ED2_Equipment,ZN_0056_5A421ED2_PTAC,ZN_0056_5A421ED2_PTAC_FAN,ZN_0056_5A421ED2_PTAC_DX_COOL,ZN_0056_5A421ED2_PTAC_ELEC_HEAT
ZN_0057_24AD0651,ZN_0057_24AD0651_Lights,ZN_0057_24AD0651_Equipment,ZN_0057_24AD0651_PTAC,ZN_0057_24AD0651_PTAC_FAN,ZN_0057_24AD0651_PTAC_DX_COOL,ZN_0057_24AD0651_PTAC_ELEC_HEAT
ZN_0058_8B5FAAD6,ZN_0058_8B5FAAD6_Lights,ZN_0058_8B5FAAD6_Equipment,ZN_0058_8B5FAAD6_PTAC,ZN_0058_8B5FAAD6_PTAC_FAN,ZN_0058_8B5FAAD6_PTAC_DX_COOL,ZN_0058_8B5FAAD6_PTAC_ELEC_HEAT
ZN_0059_FD6487CE,ZN_0059_FD6487CE_Lights,ZN_0059_FD6487CE_Equipment,ZN_0059_FD6487CE_PTAC,ZN_0059_FD6487CE_PTAC_FAN,ZN_0059_FD6487CE_PTAC_DX_COOL,ZN_0059_FD6487CE_PTAC_ELEC_HEAT
ZN_0060_80EA84EC,ZN_0060_80EA84EC_Lights,ZN_0060_80EA84EC_Equipment,ZN_0060_80EA84EC_PTAC,ZN_0060_80EA84EC_PTAC_FAN,ZN_0060_80EA84EC_PTAC_DX_COOL,ZN_0060_80EA84EC_PTAC_ELEC_HEAT
ZN_0061_5B30B6A9,ZN_0061_5B30B6A9_Lights,ZN_0061_5B30B6A9_Equipment,ZN_0061_5B30B6A9_PTAC,ZN_0061_5B30B6A9_PTAC_FAN,ZN_0061_5B30B6A9_PTAC_DX_COOL,ZN_0061_5B30B6A9_PTAC_ELEC_HEAT
ZN_0062_4AA5C31E,ZN_0062_4AA5C31E_Lights,ZN_0062_4AA5C31E_Equipment,ZN_0062_4AA5C31E_PTAC,ZN_0062_4AA5C31E_PTAC_FAN,ZN_0062_4AA5C31E_PTAC_DX_COOL,ZN_0062_4AA5C31E_PTAC_ELEC_HEAT
ZN_0063_CA0FA094,ZN_0063_CA0FA094_Lights,ZN_0063_CA0FA094_Equipment,ZN_0063_CA0FA094_PTAC,ZN_0063_CA0FA094_PTAC_FAN,ZN_0063_CA0FA094_PTAC_DX_COOL,ZN_0063_CA0FA094_PTAC_ELEC_HEAT
ZN_0064_BA125166,ZN_0064_BA125166_Lights,ZN_0064_BA125166_Equipment,ZN_0064_BA125166_PTAC,ZN_0064_BA125166_PTAC_FAN,ZN_0064_BA125166_PTAC_DX_COOL,ZN_0064_BA125166_PTAC_ELEC_HEAT
ZN_0065_D0141B2A,ZN_0065_D0141B2A_Lights,ZN_0065_D0141B2A_Equipment,ZN_0065_D0141B2A_PTAC,ZN_0065_D0141B2A_PTAC_FAN,ZN_0065_D0141B2A_PTAC_DX_COOL,ZN_0065_D0141B2A_PTAC_ELEC_HEAT
ZN_0066_A3FC4101,ZN_0066_A3FC4101_Lights,ZN_0066_A3FC4101_Equipment,ZN_0066_A3FC4101_PTAC,ZN_0066_A3FC4101_PTAC_FAN,ZN_0066_A3FC4101_PTAC_DX_COOL,ZN_0066_A3FC4101_PTAC_ELEC_HEAT
ZN_0067_7921E256,ZN_0067_7921E256_Lights,ZN_0067_7921E256_Equipment,ZN_0067_7921E256_PTAC,ZN_0067_7921E256_PTAC_FAN,ZN_0067_7921E256_PTAC_DX_COOL,ZN_0067_7921E256_PTAC_ELEC_HEAT
ZN_0068_FE5F2D81,ZN_0068_FE5F2D81_Lights,ZN_0068_FE5F2D81_Equipment,ZN_0068_FE5F2D81_PTAC,ZN_0068_FE5F2D81_PTAC_FAN,ZN_0068_FE5F2D81_PTAC_DX_COOL,ZN_0068_FE5F2D81_PTAC_ELEC_HEAT
ZN_0069_8B99F584,ZN_0069_8B99F584_Lights,ZN_0069_8B99F584_Equipment,ZN_0069_8B99F584_PTAC,ZN_0069_8B99F584_PTAC_FAN,ZN_0069_8B99F584_PTAC_DX_COOL,ZN_0069_8B99F584_PTAC_ELEC_HEAT
ZN_0070_0FFC801F,ZN_0070_0FFC801F_Lights,ZN_0070_0FFC801F_Equipment,ZN_0070_0FFC801F_PTAC,ZN_0070_0FFC801F_PTAC_FAN,ZN_0070_0FFC801F_PTAC_DX_COOL,ZN_0070_0FFC801F_PTAC_ELEC_HEAT
ZN_0071_763C5296,ZN_0071_763C5296_Lights,ZN_0071_763C5296_Equipment,ZN_0071_763C5296_PTAC,ZN_0071_763C5296_PTAC_FAN,ZN_0071_763C5296_PTAC_DX_COOL,ZN_0071_763C5296_PTAC_ELEC_HEAT
ZN_0072_BAEBCCCF,ZN_0072_BAEBCCCF_Lights,ZN_0072_BAEBCCCF_Equipment,ZN_0072_BAEBCCCF_PTAC,ZN_0072_BAEBCCCF_PTAC_FAN,ZN_0072_BAEBCCCF_PTAC_DX_COOL,ZN_0072_BAEBCCCF_PTAC_ELEC_HEAT
ZN_0073_89407D05,ZN_0073_89407D05_Lights,ZN_0073_89407D05_Equipment,ZN_0073_89407D05_PTAC,ZN_0073_89407D05_PTAC_FAN,ZN_0073_89407D05_PTAC_DX_COOL,ZN_0073_89407D05_PTAC_ELEC_HEAT
ZN_0074_4243A346,ZN_0074_4243A346_Lights,ZN_0074_4243A346_Equipment,ZN_0074_4243A346_PTAC,ZN_0074_4243A346_PTAC_FAN,ZN_0074_4243A346_PTAC_DX_COOL,ZN_0074_4243A346_PTAC_ELEC_HEAT
ZN_0075_1CD46F5D,ZN_0075_1CD46F5D_Lights,ZN_0075_1CD46F5D_Equipment,ZN_0075_1CD46F5D_PTAC,ZN_0075_1CD46F5D_PTAC_FAN,ZN_0075_1CD46F5D_PTAC_DX_COOL,ZN_0075_1CD46F5D_PTAC_ELEC_HEAT
ZN_0076_3584C968,ZN_0076_3584C968_Lights,ZN_0076_3584C968_Equipment,ZN_0076_3584C968_PTAC,ZN_0076_3584C968_PTAC_FAN,ZN_0076_3584C968_PTAC_DX_COOL,ZN_0076_3584C968_PTAC_ELEC_HEAT
ZN_0077_A5D54006,ZN_0077_A5D54006_Lights,ZN_0077_A5D54006_Equipment,ZN_0077_A5D54006_PTAC,ZN_0077_A5D54006_PTAC_FAN,ZN_0077_A5D54006_PTAC_DX_COOL,ZN_0077_A5D54006_PTAC_ELEC_HEAT
ZN_0078_6BE1D243,ZN_0078_6BE1D243_Lights,ZN_0078_6BE1D243_Equipment,ZN_0078_6BE1D243_PTAC,ZN_0078_6BE1D243_PTAC_FAN,ZN_0078_6BE1D243_PTAC_DX_COOL,ZN_0078_6BE1D243_PTAC_ELEC_HEAT
ZN_0079_C593E473,ZN_0079_C593E473_Lights,ZN_0079_C593E473_Equipment,ZN_0079_C593E473_PTAC,ZN_0079_C593E473_PTAC_FAN,ZN_0079_C593E473_PTAC_DX_COOL,ZN_0079_C593E473_PTAC_ELEC_HEAT
ZN_0080_60393F61,ZN_0080_60393F61_Lights,ZN_0080_60393F61_Equipment,ZN_0080_60393F61_PTAC,ZN_0080_60393F61_PTAC_FAN,ZN_0080_60393F61_PTAC_DX_COOL,ZN_0080_60393F61_PTAC_ELEC_HEAT
ZN_0081_5B88B2C4,ZN_0081_5B88B2C4_Lights,ZN_0081_5B88B2C4_Equipment,ZN_0081_5B88B2C4_PTAC,ZN_0081_5B88B2C4_PTAC_FAN,ZN_0081_5B88B2C4_PTAC_DX_COOL,ZN_0081_5B88B2C4_PTAC_ELEC_HEAT
ZN_0082_7FEB8538,ZN_0082_7FEB8538_Lights,ZN_0082_7FEB8538_Equipment,ZN_0082_7FEB8538_PTAC,ZN_0082_7FEB8538_PTAC_FAN,ZN_0082_7FEB8538_PTAC_DX_COOL,ZN_0082_7FEB8538_PTAC_ELEC_HEAT
ZN_0083_B71B7883,ZN_0083_B71B7883_Lights,ZN_0083_B71B7883_Equipment,ZN_0083_B71B7883_PTAC,ZN_0083_B71B7883_PTAC_FAN,ZN_0083_B71B7883_PTAC_DX_COOL,ZN_0083_B71B7883_PTAC_ELEC_HEAT
ZN_0084_3E85CF33,ZN_0084_3E85CF33_Lights,ZN_0084_3E85CF33_Equipment,ZN_0084_3E85CF33_PTAC,ZN_0084_3E85CF33_PTAC_FAN,ZN_0084_3E85CF33_PTAC_DX_COOL,ZN_0084_3E85CF33_PTAC_ELEC_HEAT
ZN_0085_D88B0DE9,ZN_0085_D88B0DE9_Lights,ZN_0085_D88B0DE9_Equipment,ZN_0085_D88B0DE9_PTAC,ZN_0085_D88B0DE9_PTAC_FAN,ZN_0085_D88B0DE9_PTAC_DX_COOL,ZN_0085_D88B0DE9_PTAC_ELEC_HEAT
ZN_0086_D3B1ABF0,ZN_0086_D3B1ABF0_Lights,ZN_0086_D3B1ABF0_Equipment,ZN_0086_D3B1ABF0_PTAC,ZN_0086_D3B1ABF0_PTAC_FAN,ZN_0086_D3B1ABF0_PTAC_DX_COOL,ZN_0086_D3B1ABF0_PTAC_ELEC_HEAT
ZN_0087_65D7194A,ZN_0087_65D7194A_Lights,ZN_0087_65D7194A_Equipment,ZN_0087_65D7194A_PTAC,ZN_0087_65D7194A_PTAC_FAN,ZN_0087_65D7194A_PTAC_DX_COOL,ZN_0087_65D7194A_PTAC_ELEC_HEAT
ZN_0088_158AE9F1,ZN_0088_158AE9F1_Lights,ZN_0088_158AE9F1_Equipment,ZN_0088_158AE9F1_PTAC,ZN_0088_158AE9F1_PTAC_FAN,ZN_0088_158AE9F1_PTAC_DX_COOL,ZN_0088_158AE9F1_PTAC_ELEC_HEAT
ZN_0089_578B3840,ZN_0089_578B3840_Lights,ZN_0089_578B3840_Equipment,ZN_0089_578B3840_PTAC,ZN_0089_578B3840_PTAC_FAN,ZN_0089_578B3840_PTAC_DX_COOL,ZN_0089_578B3840_PTAC_ELEC_HEAT
ZN_0090_5E97317B,ZN_0090_5E97317B_Lights,ZN_0090_5E97317B_Equipment,ZN_0090_5E97317B_PTAC,ZN_0090_5E97317B_PTAC_FAN,ZN_0090_5E97317B_PTAC_DX_COOL,ZN_0090_5E97317B_PTAC_ELEC_HEAT
ZN_0091_61E6C96D,ZN_0091_61E6C96D_Lights,ZN_0091_61E6C96D_Equipment,ZN_0091_61E6C96D_PTAC,ZN_0091_61E6C96D_PTAC_FAN,ZN_0091_61E6C96D_PTAC_DX_COOL,ZN_0091_61E6C96D_PTAC_ELEC_HEAT
ZN_0092_3D5D5047,ZN_0092_3D5D5047_Lights,ZN_0092_3D5D5047_Equipment,ZN_0092_3D5D5047_PTAC,ZN_0092_3D5D5047_PTAC_FAN,ZN_0092_3D5D5047_PTAC_DX_COOL,ZN_0092_3D5D5047_PTAC_ELEC_HEAT
ZN_0093_1F54CC27,ZN_0093_1F54CC27_Lights,ZN_0093_1F54CC27_Equipment,ZN_0093_1F54CC27_PTAC,ZN_0093_1F54CC27_PTAC_FAN,ZN_0093_1F54CC27_PTAC_DX_COOL,ZN_0093_1F54CC27_PTAC_ELEC_HEAT
ZN_0094_BF995C70,ZN_0094_BF995C70_Lights,ZN_0094_BF995C70_Equipment,ZN_0094_BF995C70_PTAC,ZN_0094_BF995C70_PTAC_FAN,ZN_0094_BF995C70_PTAC_DX_COOL,ZN_0094_BF995C70_PTAC_ELEC_HEAT
ZN_0095_050112E3,ZN_0095_050112E3_Lights,ZN_0095_050112E3_Equipment,ZN_0095_050112E3_PTAC,ZN_0095_050112E3_PTAC_FAN,ZN_0095_050112E3_PTAC_DX_COOL,ZN_0095_050112E3_PTAC_ELEC_HEAT
ZN_0096_431D82AE,ZN_0096_431D82AE_Lights,ZN_0096_431D82AE_Equipment,ZN_0096_431D82AE_PTAC,ZN_0096_431D82AE_PTAC_FAN,ZN_0096_431D82AE_PTAC_DX_COOL,ZN_0096_431D82AE_PTAC_ELEC_HEAT
ZN_0097_276B1241,ZN_0097_276B1241_Lights,ZN_0097_276B1241_Equipment,ZN_0097_276B1241_PTAC,ZN_0097_276B1241_PTAC_FAN,ZN_0097_276B1241_PTAC_DX_COOL,ZN_0097_276B1241_PTAC_ELEC_HEAT
ZN_0098_15BE5F56,ZN_0098_15BE5F56_Lights,ZN_0098_15BE5F56_Equipment,ZN_0098_15BE5F56_PTAC,ZN_0098_15BE5F56_PTAC_FAN,ZN_0098_15BE5F56_PTAC_DX_COOL,ZN_0098_15BE5F56_PTAC_ELEC_HEAT
ZN_0099_891CF93B,ZN_0099_891CF93B_Lights,ZN_0099_891CF93B_Equipment,ZN_0099_891CF93B_PTAC,ZN_0099_891CF93B_PTAC_FAN,ZN_0099_891CF93B_PTAC_DX_COOL,ZN_0099_891CF93B_PTAC_ELEC_HEAT
ZN_0100_E4049AD5,ZN_0100_E4049AD5_Lights,ZN_0100_E4049AD5_Equipment,ZN_0100_E4049AD5_PTAC,ZN_0100_E4049AD5_PTAC_FAN,ZN_0100_E4049AD5_PTAC_DX_COOL,ZN_0100_E4049AD5_PTAC_ELEC_HEAT
ZN_0101_053E6DE0,ZN_0101_053E6DE0_Lights,ZN_0101_053E6DE0_Equipment,ZN_0101_053E6DE0_PTAC,ZN_0101_053E6DE0_PTAC_FAN,ZN_0101_053E6DE0_PTAC_DX_COOL,ZN_0101_053E6DE0_PTAC_ELEC_HEAT
ZN_0102_B62572B0,ZN_0102_B62572B0_Lights,ZN_0102_B62572B0_Equipment,ZN_0102_B62572B0_PTAC,ZN_0102_B62572B0_PTAC_FAN,ZN_0102_B62572B0_PTAC_DX_COOL,ZN_0102_B62572B0_PTAC_ELEC_HEAT
ZN_0103_C0BB0567,ZN_0103_C0BB0567_Lights,ZN_0103_C0BB0567_Equipment,ZN_0103_C0BB0567_PTAC,ZN_0103_C0BB0567_PTAC_FAN,ZN_0103_C0BB0567_PTAC_DX_COOL,ZN_0103_C0BB0567_PTAC_ELEC_HEAT
ZN_0104_DA2CA90D,ZN_0104_DA2CA90D_Lights,ZN_0104_DA2CA90D_Equipment,ZN_0104_DA2CA90D_PTAC,ZN_0104_DA2CA90D_PTAC_FAN,ZN_0104_DA2CA90D_PTAC_DX_COOL,ZN_0104_DA2CA90D_PTAC_ELEC_HEAT
ZN_0105_54FF726E,ZN_0105_54FF726E_Lights,ZN_0105_54FF726E_Equipment,ZN_0105_54FF726E_PTAC,ZN_0105_54FF726E_PTAC_FAN,ZN_0105_54FF726E_PTAC_DX_COOL,ZN_0105_54FF726E_PTAC_ELEC_HEAT
ZN_0106_C3A8ABA2,ZN_0106_C3A8ABA2_Lights,ZN_0106_C3A8ABA2_Equipment,ZN_0106_C3A8ABA2_PTAC,ZN_0106_C3A8ABA2_PTAC_FAN,ZN_0106_C3A8ABA2_PTAC_DX_COOL,ZN_0106_C3A8ABA2_PTAC_ELEC_HEAT
ZN_0107_3B69C13B,ZN_0107_3B69C13B_Lights,ZN_0107_3B69C13B_Equipment,ZN_0107_3B69C13B_PTAC,ZN_0107_3B69C13B_PTAC_FAN,ZN_0107_3B69C13B_PTAC_DX_COOL,ZN_0107_3B69C13B_PTAC_ELEC_HEAT
ZN_0108_2ECEB8B8,ZN_0108_2ECEB8B8_Lights,ZN_0108_2ECEB8B8_Equipment,ZN_0108_2ECEB8B8_PTAC,ZN_0108_2ECEB8B8_PTAC_FAN,ZN_0108_2ECEB8B8_PTAC_DX_COOL,ZN_0108_2ECEB8B8_PTAC_ELEC_HEAT
ZN_0109_8CF1A8A4,ZN_0109_8CF1A8A4_Lights,ZN_0109_8CF1A8A4_Equipment,ZN_0109_8CF1A8A4_PTAC,ZN_0109_8CF1A8A4_PTAC_FAN,ZN_0109_8CF1A8A4_PTAC_DX_COOL,ZN_0109_8CF1A8A4_PTAC_ELEC_HEAT
ZN_0110_A2A33FEC,ZN_0110_A2A33FEC_Lights,ZN_0110_A2A33FEC_Equipment,ZN_0110_A2A33FEC_PTAC,ZN_0110_A2A33FEC_PTAC_FAN,ZN_0110_A2A33FEC_PTAC_DX_COOL,ZN_0110_A2A33FEC_PTAC_ELEC_HEAT
ZN_0111_E1FD624E,ZN_0111_E1FD624E_Lights,ZN_0111_E1FD624E_Equipment,ZN_0111_E1FD624E_PTAC,ZN_0111_E1FD624E_PTAC_FAN,ZN_0111_E1FD624E_PTAC_DX_COOL,ZN_0111_E1FD624E_PTAC_ELEC_HEAT
ZN_0112_5075EF12,ZN_0112_5075EF12_Lights,ZN_0112_5075EF12_Equipment,ZN_0112_5075EF12_PTAC,ZN_0112_5075EF12_PTAC_FAN,ZN_0112_5075EF12_PTAC_DX_COOL,ZN_0112_5075EF12_PTAC_ELEC_HEAT
ZN_0113_2745A60C,ZN_0113_2745A60C_Lights,ZN_0113_2745A60C_Equipment,ZN_0113_2745A60C_PTAC,ZN_0113_2745A60C_PTAC_FAN,ZN_0113_2745A60C_PTAC_DX_COOL,ZN_0113_2745A60C_PTAC_ELEC_HEAT
ZN_0114_DA9CAD05,ZN_0114_DA9CAD05_Lights,ZN_0114_DA9CAD05_Equipment,ZN_0114_DA9CAD05_PTAC,ZN_0114_DA9CAD05_PTAC_FAN,ZN_0114_DA9CAD05_PTAC_DX_COOL,ZN_0114_DA9CAD05_PTAC_ELEC_HEAT
ZN_0115_1A06BB29,ZN_0115_1A06BB29_Lights,ZN_0115_1A06BB29_Equipment,ZN_0115_1A06BB29_PTAC,ZN_0115_1A06BB29_PTAC_FAN,ZN_0115_1A06BB29_PTAC_DX_COOL,ZN_0115_1A06BB29_PTAC_ELEC_HEAT
ZN_0116_67DAA7C4,ZN_0116_67DAA7C4_Lights,ZN_0116_67DAA7C4_Equipment,ZN_0116_67DAA7C4_PTAC,ZN_0116_67DAA7C4_PTAC_FAN,ZN_0116_67DAA7C4_PTAC_DX_COOL,ZN_0116_67DAA7C4_PTAC_ELEC_HEAT
ZN_0117_FF8AE766,ZN_0117_FF8AE766_Lights,ZN_0117_FF8AE766_Equipment,ZN_0117_FF8AE766_PTAC,ZN_0117_FF8AE766_PTAC_FAN,ZN_0117_FF8AE766_PTAC_DX_COOL,ZN_0117_FF8AE766_PTAC_ELEC_HEAT
ZN_0118_23E23B3E,ZN_0118_23E23B3E_Lights,ZN_0118_23E23B3E_Equipment,ZN_0118_23E23B3E_PTAC,ZN_0118_23E23B3E_PTAC_FAN,ZN_0118_23E23B3E_PTAC_DX_COOL,ZN_0118_23E23B3E_PTAC_ELEC_HEAT
ZN_0119_F966DF6A,ZN_0119_F966DF6A_Lights,ZN_0119_F966DF6A_Equipment,ZN_0119_F966DF6A_PTAC,ZN_0119_F966DF6A_PTAC_FAN,ZN_0119_F966DF6A_PTAC_DX_COOL,ZN_0119_F966DF6A_PTAC_ELEC_HEAT
ZN_0120_59860113,ZN_0120_59860113_Lights,ZN_0120_59860113_Equipment,ZN_0120_59860113_PTAC,ZN_0120_59860113_PTAC_FAN,ZN_0120_59860113_PTAC_DX_COOL,ZN_0120_59860113_PTAC_ELEC_HEAT
ZN_0121_C280815B,ZN_0121_C280815B_Lights,ZN_0121_C280815B_Equipment,ZN_0121_C280815B_PTAC,ZN_0121_C280815B_PTAC_FAN,ZN_0121_C280815B_PTAC_DX_COOL,ZN_0121_C280815B_PTAC_ELEC_HEAT
ZN_0122_95A403C9,ZN_0122_95A403C9_Lights,ZN_0122_95A403C9_Equipment,ZN_0122_95A403C9_PTAC,ZN_0122_95A403C9_PTAC_FAN,ZN_0122_95A403C9_PTAC_DX_COOL,ZN_0122_95A403C9_PTAC_ELEC_HEAT
ZN_0123_26A2CCAB,ZN_0123_26A2CCAB_Lights,ZN_0123_26A2CCAB_Equipment,ZN_0123_26A2CCAB_PTAC,ZN_0123_26A2CCAB_PTAC_FAN,ZN_0123_26A2CCAB_PTAC_DX_COOL,ZN_0123_26A2CCAB_PTAC_ELEC_HEAT
ZN_0124_A8FB1DF4,ZN_0124_A8FB1DF4_Lights,ZN_0124_A8FB1DF4_Equipment,ZN_0124_A8FB1DF4_PTAC,ZN_0124_A8FB1DF4_PTAC_FAN,ZN_0124_A8FB1DF4_PTAC_DX_COOL,ZN_0124_A8FB1DF4_PTAC_ELEC_HEAT
ZN_0125_6FCFDAB5,ZN_0125_6FCFDAB5_Lights,ZN_0125_6FCFDAB5_Equipment,ZN_0125_6FCFDAB5_PTAC,ZN_0125_6FCFDAB5_PTAC_FAN,ZN_0125_6FCFDAB5_PTAC_DX_COOL,ZN_0125_6FCFDAB5_PTAC_ELEC_HEAT
ZN_0126_525020AB,ZN_0126_525020AB_Lights,ZN_0126_525020AB_Equipment,ZN_0126_525020AB_PTAC,ZN_0126_525020AB_PTAC_FAN,ZN_0126_525020AB_PTAC_DX_COOL,ZN_0126_525020AB_PTAC_ELEC_HEAT
ZN_0127_4ABBF6DC,ZN_0127_4ABBF6DC_Lights,ZN_0127_4ABBF6DC_Equipment,ZN_0127_4ABBF6DC_PTAC,ZN_0127_4ABBF6DC_PTAC_FAN,ZN_0127_4ABBF6DC_PTAC_DX_COOL,ZN_0127_4ABBF6DC_PTAC_ELEC_HEAT
ZN_0128_343C80E1,ZN_0128_343C80E1_Lights,ZN_0128_343C80E1_Equipment,ZN_0128_343C80E1_PTAC,ZN_0128_343C80E1_PTAC_FAN,ZN_0128_343C80E1_PTAC_DX_COOL,ZN_0128_343C80E1_PTAC_ELEC_HEAT
ZN_0129_FCDEA63D,ZN_0129_FCDEA63D_Lights,ZN_0129_FCDEA63D_Equipment,ZN_0129_FCDEA63D_PTAC,ZN_0129_FCDEA63D_PTAC_FAN,ZN_0129_FCDEA63D_PTAC_DX_COOL,ZN_0129_FCDEA63D_PTAC_ELEC_HEAT
ZN_0130_450B3D0F,ZN_0130_450B3D0F_Lights,ZN_0130_450B3D0F_Equipment,ZN_0130_450B3D0F_PTAC,ZN_0130_450B3D0F_PTAC_FAN,ZN_0130_450B3D0F_PTAC_DX_COOL,ZN_0130_450B3D0F_PTAC_ELEC_HEAT
ZN_0131_F4D99DD2,ZN_0131_F4D99DD2_Lights,ZN_0131_F4D99DD2_Equipment,ZN_0131_F4D99DD2_PTAC,ZN_0131_F4D99DD2_PTAC_FAN,ZN_0131_F4D99DD2_PTAC_DX_COOL,ZN_0131_F4D99DD2_PTAC_ELEC_HEAT
ZN_0132_76635643,ZN_0132_76635643_Lights,ZN_0132_76635643_Equipment,ZN_0132_76635643_PTAC,ZN_0132_76635643_PTAC_FAN,ZN_0132_76635643_PTAC_DX_COOL,ZN_0132_76635643_PTAC_ELEC_HEAT
ZN_0133_599566F8,ZN_0133_599566F8_Lights,ZN_0133_599566F8_Equipment,ZN_0133_599566F8_PTAC,ZN_0133_599566F8_PTAC_FAN,ZN_0133_599566F8_PTAC_DX_COOL,ZN_0133_599566F8_PTAC_ELEC_HEAT
ZN_0134_6E2F8750,ZN_0134_6E2F8750_Lights,ZN_0134_6E2F8750_Equipment,ZN_0134_6E2F8750_PTAC,ZN_0134_6E2F8750_PTAC_FAN,ZN_0134_6E2F8750_PTAC_DX_COOL,ZN_0134_6E2F8750_PTAC_ELEC_HEAT
ZN_0135_84FB2F40,ZN_0135_84FB2F40_Lights,ZN_0135_84FB2F40_Equipment,ZN_0135_84FB2F40_PTAC,ZN_0135_84FB2F40_PTAC_FAN,ZN_0135_84FB2F40_PTAC_DX_COOL,ZN_0135_84FB2F40_PTAC_ELEC_HEAT
ZN_0136_4DD20BCC,ZN_0136_4DD20BCC_Lights,ZN_0136_4DD20BCC_Equipment,ZN_0136_4DD20BCC_PTAC,ZN_0136_4DD20BCC_PTAC_FAN,ZN_0136_4DD20BCC_PTAC_DX_COOL,ZN_0136_4DD20BCC_PTAC_ELEC_HEAT
ZN_0137_CBA0C1C3,ZN_0137_CBA0C1C3_Lights,ZN_0137_CBA0C1C3_Equipment,ZN_0137_CBA0C1C3_PTAC,ZN_0137_CBA0C1C3_PTAC_FAN,ZN_0137_CBA0C1C3_PTAC_DX_COOL,ZN_0137_CBA0C1C3_PTAC_ELEC_HEAT
ZN_0138_82603914,ZN_0138_82603914_Lights,ZN_0138_82603914_Equipment,ZN_0138_82603914_PTAC,ZN_0138_82603914_PTAC_FAN,ZN_0138_82603914_PTAC_DX_COOL,ZN_0138_82603914_PTAC_ELEC_HEAT
ZN_0139_7C8B9402,ZN_0139_7C8B9402_Lights,ZN_0139_7C8B9402_Equipment,ZN_0139_7C8B9402_PTAC,ZN_0139_7C8B9402_PTAC_FAN,ZN_0139_7C8B9402_PTAC_DX_COOL,ZN_0139_7C8B9402_PTAC_ELEC_HEAT
ZN_0140_134D859A,ZN_0140_134D859A_Lights,ZN_0140_134D859A_Equipment,ZN_0140_134D859A_PTAC,ZN_0140_134D859A_PTAC_FAN,ZN_0140_134D859A_PTAC_DX_COOL,ZN_0140_134D859A_PTAC_ELEC_HEAT
ZN_0141_30A369C1,ZN_0141_30A369C1_Lights,ZN_0141_30A369C1_Equipment,ZN_0141_30A369C1_PTAC,ZN_0141_30A369C1_PTAC_FAN,ZN_0141_30A369C1_PTAC_DX_COOL,ZN_0141_30A369C1_PTAC_ELEC_HEAT
ZN_0142_AF77278A,ZN_0142_AF77278A_Lights,ZN_0142_AF77278A_Equipment,ZN_0142_AF77278A_PTAC,ZN_0142_AF77278A_PTAC_FAN,ZN_0142_AF77278A_PTAC_DX_COOL,ZN_0142_AF77278A_PTAC_ELEC_HEAT
ZN_0143_7FF6431F,ZN_0143_7FF6431F_Lights,ZN_0143_7FF6431F_Equipment,ZN_0143_7FF6431F_PTAC,ZN_0143_7FF6431F_PTAC_FAN,ZN_0143_7FF6431F_PTAC_DX_COOL,ZN_0143_7FF6431F_PTAC_ELEC_HEAT
ZN_0144_391CD845,ZN_0144_391CD845_Lights,ZN_0144_391CD845_Equipment,ZN_0144_391CD845_PTAC,ZN_0144_391CD845_PTAC_FAN,ZN_0144_391CD845_PTAC_DX_COOL,ZN_0144_391CD845_PTAC_ELEC_HEAT
ZN_0145_304F77CB,ZN_0145_304F77CB_Lights,ZN_0145_304F77CB_Equipment,ZN_0145_304F77CB_PTAC,ZN_0145_304F77CB_PTAC_FAN,ZN_0145_304F77CB_PTAC_DX_COOL,ZN_0145_304F77CB_PTAC_ELEC_HEAT
ZN_0146_C2FDDE64,ZN_0146_C2FDDE64_Lights,ZN_0146_C2FDDE64_Equipment,ZN_0146_C2FDDE64_PTAC,ZN_0146_C2FDDE64_PTAC_FAN,ZN_0146_C2FDDE64_PTAC_DX_COOL,ZN_0146_C2FDDE64_PTAC_ELEC_HEAT
ZN_0147_185301BE,ZN_0147_185301BE_Lights,ZN_0147_185301BE_Equipment,ZN_0147_185301BE_PTAC,ZN_0147_185301BE_PTAC_FAN,ZN_0147_185301BE_PTAC_DX_COOL,ZN_0147_185301BE_PTAC_ELEC_HEAT
ZN_0148_B158AE5D,ZN_0148_B158AE5D_Lights,ZN_0148_B158AE5D_Equipment,ZN_0148_B158AE5D_PTAC,ZN_0148_B158AE5D_PTAC_FAN,ZN_0148_B158AE5D_PTAC_DX_COOL,ZN_0148_B158AE5D_PTAC_ELEC_HEAT
ZN_0149_68EDAAA8,ZN_0149_68EDAAA8_Lights,ZN_0149_68EDAAA8_Equipment,ZN_0149_68EDAAA8_PTAC,ZN_0149_68EDAAA8_PTAC_FAN,ZN_0149_68EDAAA8_PTAC_DX_COOL,ZN_0149_68EDAAA8_PTAC_ELEC_HEAT
ZN_0150_A1B9DFF3,ZN_0150_A1B9DFF3_Lights,ZN_0150_A1B9DFF3_Equipment,ZN_0150_A1B9DFF3_PTAC,ZN_0150_A1B9DFF3_PTAC_FAN,ZN_0150_A1B9DFF3_PTAC_DX_COOL,ZN_0150_A1B9DFF3_PTAC_ELEC_HEAT
ZN_0151_1365ED5C,ZN_0151_1365ED5C_Lights,ZN_0151_1365ED5C_Equipment,ZN_0151_1365ED5C_PTAC,ZN_0151_1365ED5C_PTAC_FAN,ZN_0151_1365ED5C_PTAC_DX_COOL,ZN_0151_1365ED5C_PTAC_ELEC_HEAT
ZN_0152_0453DB2B,ZN_0152_0453DB2B_Lights,ZN_0152_0453DB2B_Equipment,ZN_0152_0453DB2B_PTAC,ZN_0152_0453DB2B_PTAC_FAN,ZN_0152_0453DB2B_PTAC_DX_COOL,ZN_0152_0453DB2B_PTAC_ELEC_HEAT
ZN_0153_B9D61F34,ZN_0153_B9D61F34_Lights,ZN_0153_B9D61F34_Equipment,ZN_0153_B9D61F34_PTAC,ZN_0153_B9D61F34_PTAC_FAN,ZN_0153_B9D61F34_PTAC_DX_COOL,ZN_0153_B9D61F34_PTAC_ELEC_HEAT
ZN_0154_04DA8D93,ZN_0154_04DA8D93_Lights,ZN_0154_04DA8D93_Equipment,ZN_0154_04DA8D93_PTAC,ZN_0154_04DA8D93_PTAC_FAN,ZN_0154_04DA8D93_PTAC_DX_COOL,ZN_0154_04DA8D93_PTAC_ELEC_HEAT
ZN_0155_9D91A08E,ZN_0155_9D91A08E_Lights,ZN_0155_9D91A08E_Equipment,ZN_0155_9D91A08E_PTAC,ZN_0155_9D91A08E_PTAC_FAN,ZN_0155_9D91A08E_PTAC_DX_COOL,ZN_0155_9D91A08E_PTAC_ELEC_HEAT
ZN_0156_4CAB573A,ZN_0156_4CAB573A_Lights,ZN_0156_4CAB573A_Equipment,ZN_0156_4CAB573A_PTAC,ZN_0156_4CAB573A_PTAC_FAN,ZN_0156_4CAB573A_PTAC_DX_COOL,ZN_0156_4CAB573A_PTAC_ELEC_HEAT
ZN_0157_D9287011,ZN_0157_D9287011_Lights,ZN_0157_D9287011_Equipment,ZN_0157_D9287011_PTAC,ZN_0157_D9287011_PTAC_FAN,ZN_0157_D9287011_PTAC_DX_COOL,ZN_0157_D9287011_PTAC_ELEC_HEAT
ZN_0158_27FD3C13,ZN_0158_27FD3C13_Lights,ZN_0158_27FD3C13_Equipment,ZN_0158_27FD3C13_PTAC,ZN_0158_27FD3C13_PTAC_FAN,ZN_0158_27FD3C13_PTAC_DX_COOL,ZN_0158_27FD3C13_PTAC_ELEC_HEAT
ZN_0159_9D803010,ZN_0159_9D803010_Lights,ZN_0159_9D803010_Equipment,ZN_0159_9D803010_PTAC,ZN_0159_9D803010_PTAC_FAN,ZN_0159_9D803010_PTAC_DX_COOL,ZN_0159_9D803010_PTAC_ELEC_HEAT
ZN_0160_4B3AB0EC,ZN_0160_4B3AB0EC_Lights,ZN_0160_4B3AB0EC_Equipment,ZN_0160_4B3AB0EC_PTAC,ZN_0160_4B3AB0EC_PTAC_FAN,ZN_0160_4B3AB0EC_PTAC_DX_COOL,ZN_0160_4B3AB0EC_PTAC_ELEC_HEAT
ZN_0161_3F37EE41,ZN_0161_3F37EE41_Lights,ZN_0161_3F37EE41_Equipment,ZN_0161_3F37EE41_PTAC,ZN_0161_3F37EE41_PTAC_FAN,ZN_0161_3F37EE41_PTAC_DX_COOL,ZN_0161_3F37EE41_PTAC_ELEC_HEAT
ZN_0162_439E8090,ZN_0162_439E8090_Lights,ZN_0162_439E8090_Equipment,ZN_0162_439E8090_PTAC,ZN_0162_439E8090_PTAC_FAN,ZN_0162_439E8090_PTAC_DX_COOL,ZN_0162_439E8090_PTAC_ELEC_HEAT
ZN_0163_339C02C2,ZN_0163_339C02C2_Lights,ZN_0163_339C02C2_Equipment,ZN_0163_339C02C2_PTAC,ZN_0163_339C02C2_PTAC_FAN,ZN_0163_339C02C2_PTAC_DX_COOL,ZN_0163_339C02C2_PTAC_ELEC_HEAT
ZN_0164_69AD16CD,ZN_0164_69AD16CD_Lights,ZN_0164_69AD16CD_Equipment,ZN_0164_69AD16CD_PTAC,ZN_0164_69AD16CD_PTAC_FAN,ZN_0164_69AD16CD_PTAC_DX_COOL,ZN_0164_69AD16CD_PTAC_ELEC_HEAT
ZN_0165_8DFCB2B8,ZN_0165_8DFCB2B8_Lights,ZN_0165_8DFCB2B8_Equipment,ZN_0165_8DFCB2B8_PTAC,ZN_0165_8DFCB2B8_PTAC_FAN,ZN_0165_8DFCB2B8_PTAC_DX_COOL,ZN_0165_8DFCB2B8_PTAC_ELEC_HEAT
ZN_0166_C2C36B41,ZN_0166_C2C36B41_Lights,ZN_0166_C2C36B41_Equipment,ZN_0166_C2C36B41_PTAC,ZN_0166_C2C36B41_PTAC_FAN,ZN_0166_C2C36B41_PTAC_DX_COOL,ZN_0166_C2C36B41_PTAC_ELEC_HEAT
ZN_0167_520E2762,ZN_0167_520E2762_Lights,ZN_0167_520E2762_Equipment,ZN_0167_520E2762_PTAC,ZN_0167_520E2762_PTAC_FAN,ZN_0167_520E2762_PTAC_DX_COOL,ZN_0167_520E2762_PTAC_ELEC_HEAT
ZN_0168_588DFD95,ZN_0168_588DFD95_Lights,ZN_0168_588DFD95_Equipment,ZN_0168_588DFD95_PTAC,ZN_0168_588DFD95_PTAC_FAN,ZN_0168_588DFD95_PTAC_DX_COOL,ZN_0168_588DFD95_PTAC_ELEC_HEAT
ZN_0169_66E20AA4,ZN_0169_66E20AA4_Lights,ZN_0169_66E20AA4_Equipment,ZN_0169_66E20AA4_PTAC,ZN_0169_66E20AA4_PTAC_FAN,ZN_0169_66E20AA4_PTAC_DX_COOL,ZN_0169_66E20AA4_PTAC_ELEC_HEAT
ZN_0170_C9DB072C,ZN_0170_C9DB072C_Lights,ZN_0170_C9DB072C_Equipment,ZN_0170_C9DB072C_PTAC,ZN_0170_C9DB072C_PTAC_FAN,ZN_0170_C9DB072C_PTAC_DX_COOL,ZN_0170_C9DB072C_PTAC_ELEC_HEAT
ZN_0171_E8494D29,ZN_0171_E8494D29_Lights,ZN_0171_E8494D29_Equipment,ZN_0171_E8494D29_PTAC,ZN_0171_E8494D29_PTAC_FAN,ZN_0171_E8494D29_PTAC_DX_COOL,ZN_0171_E8494D29_PTAC_ELEC_HEAT
ZN_0172_9C59F56C,ZN_0172_9C59F56C_Lights,ZN_0172_9C59F56C_Equipment,ZN_0172_9C59F56C_PTAC,ZN_0172_9C59F56C_PTAC_FAN,ZN_0172_9C59F56C_PTAC_DX_COOL,ZN_0172_9C59F56C_PTAC_ELEC_HEAT
ZN_0173_82892018,ZN_0173_82892018_Lights,ZN_0173_82892018_Equipment,ZN_0173_82892018_PTAC,ZN_0173_82892018_PTAC_FAN,ZN_0173_82892018_PTAC_DX_COOL,ZN_0173_82892018_PTAC_ELEC_HEAT
ZN_0174_98A2A24A,ZN_0174_98A2A24A_Lights,ZN_0174_98A2A24A_Equipment,ZN_0174_98A2A24A_PTAC,ZN_0174_98A2A24A_PTAC_FAN,ZN_0174_98A2A24A_PTAC_DX_COOL,ZN_0174_98A2A24A_PTAC_ELEC_HEAT
ZN_0175_8956BA41,ZN_0175_8956BA41_Lights,ZN_0175_8956BA41_Equipment,ZN_0175_8956BA41_PTAC,ZN_0175_8956BA41_PTAC_FAN,ZN_0175_8956BA41_PTAC_DX_COOL,ZN_0175_8956BA41_PTAC_ELEC_HEAT
ZN_0176_9314483B,ZN_0176_9314483B_Lights,ZN_0176_9314483B_Equipment,ZN_0176_9314483B_PTAC,ZN_0176_9314483B_PTAC_FAN,ZN_0176_9314483B_PTAC_DX_COOL,ZN_0176_9314483B_PTAC_ELEC_HEAT
ZN_0177_1BDC5C36,ZN_0177_1BDC5C36_Lights,ZN_0177_1BDC5C36_Equipment,ZN_0177_1BDC5C36_PTAC,ZN_0177_1BDC5C36_PTAC_FAN,ZN_0177_1BDC5C36_PTAC_DX_COOL,ZN_0177_1BDC5C36_PTAC_ELEC_HEAT
ZN_0178_748DEABB,ZN_0178_748DEABB_Lights,ZN_0178_748DEABB_Equipment,ZN_0178_748DEABB_PTAC,ZN_0178_748DEABB_PTAC_FAN,ZN_0178_748DEABB_PTAC_DX_COOL,ZN_0178_748DEABB_PTAC_ELEC_HEAT
ZN_0179_6F336E54,ZN_0179_6F336E54_Lights,ZN_0179_6F336E54_Equipment,ZN_0179_6F336E54_PTAC,ZN_0179_6F336E54_PTAC_FAN,ZN_0179_6F336E54_PTAC_DX_COOL,ZN_0179_6F336E54_PTAC_ELEC_HEAT
ZN_0180_7018E479,ZN_0180_7018E479_Lights,ZN_0180_7018E479_Equipment,ZN_0180_7018E479_PTAC,ZN_0180_7018E479_PTAC_FAN,ZN_0180_7018E479_PTAC_DX_COOL,ZN_0180_7018E479_PTAC_ELEC_HEAT
ZN_0181_709F4962,ZN_0181_709F4962_Lights,ZN_0181_709F4962_Equipment,ZN_0181_709F4962_PTAC,ZN_0181_709F4962_PTAC_FAN,ZN_0181_709F4962_PTAC_DX_COOL,ZN_0181_709F4962_PTAC_ELEC_HEAT
ZN_0182_583138AB,ZN_0182_583138AB_Lights,ZN_0182_583138AB_Equipment,ZN_0182_583138AB_PTAC,ZN_0182_583138AB_PTAC_FAN,ZN_0182_583138AB_PTAC_DX_COOL,ZN_0182_583138AB_PTAC_ELEC_HEAT
ZN_0183_BF0B66C8,ZN_0183_BF0B66C8_Lights,ZN_0183_BF0B66C8_Equipment,ZN_0183_BF0B66C8_PTAC,ZN_0183_BF0B66C8_PTAC_FAN,ZN_0183_BF0B66C8_PTAC_DX_COOL,ZN_0183_BF0B66C8_PTAC_ELEC_HEAT
ZN_0184_3642C250,ZN_0184_3642C250_Lights,ZN_0184_3642C250_Equipment,ZN_0184_3642C250_PTAC,ZN_0184_3642C250_PTAC_FAN,ZN_0184_3642C250_PTAC_DX_COOL,ZN_0184_3642C250_PTAC_ELEC_HEAT
ZN_0185_0BD5E290,ZN_0185_0BD5E290_Lights,ZN_0185_0BD5E290_Equipment,ZN_0185_0BD5E290_PTAC,ZN_0185_0BD5E290_PTAC_FAN,ZN_0185_0BD5E290_PTAC_DX_COOL,ZN_0185_0BD5E290_PTAC_ELEC_HEAT
ZN_0186_579ADA50,ZN_0186_579ADA50_Lights,ZN_0186_579ADA50_Equipment,ZN_0186_579ADA50_PTAC,ZN_0186_579ADA50_PTAC_FAN,ZN_0186_579ADA50_PTAC_DX_COOL,ZN_0186_579ADA50_PTAC_ELEC_HEAT
ZN_0187_E6499E54,ZN_0187_E6499E54_Lights,ZN_0187_E6499E54_Equipment,ZN_0187_E6499E54_PTAC,ZN_0187_E6499E54_PTAC_FAN,ZN_0187_E6499E54_PTAC_DX_COOL,ZN_0187_E6499E54_PTAC_ELEC_HEAT
ZN_0188_7B576908,ZN_0188_7B576908_Lights,ZN_0188_7B576908_Equipment,ZN_0188_7B576908_PTAC,ZN_0188_7B576908_PTAC_FAN,ZN_0188_7B576908_PTAC_DX_COOL,ZN_0188_7B576908_PTAC_ELEC_HEAT
ZN_0189_2BAA7D18,ZN_0189_2BAA7D18_Lights,ZN_0189_2BAA7D18_Equipment,ZN_0189_2BAA7D18_PTAC,ZN_0189_2BAA7D18_PTAC_FAN,ZN_0189_2BAA7D18_PTAC_DX_COOL,ZN_0189_2BAA7D18_PTAC_ELEC_HEAT
ZN_0190_F13DB0DC,ZN_0190_F13DB0DC_Lights,ZN_0190_F13DB0DC_Equipment,ZN_0190_F13DB0DC_PTAC,ZN_0190_F13DB0DC_PTAC_FAN,ZN_0190_F13DB0DC_PTAC_DX_COOL,ZN_0190_F13DB0DC_PTAC_ELEC_HEAT
ZN_0191_C6A405EC,ZN_0191_C6A405EC_Lights,ZN_0191_C6A405EC_Equipment,ZN_0191_C6A405EC_PTAC,ZN_0191_C6A405EC_PTAC_FAN,ZN_0191_C6A405EC_PTAC_DX_COOL,ZN_0191_C6A405EC_PTAC_ELEC_HEAT
ZN_0192_25EA58B8,ZN_0192_25EA58B8_Lights,ZN_0192_25EA58B8_Equipment,ZN_0192_25EA58B8_PTAC,ZN_0192_25EA58B8_PTAC_FAN,ZN_0192_25EA58B8_PTAC_DX_COOL,ZN_0192_25EA58B8_PTAC_ELEC_HEAT
ZN_0193_19CC016D,ZN_0193_19CC016D_Lights,ZN_0193_19CC016D_Equipment,ZN_0193_19CC016D_PTAC,ZN_0193_19CC016D_PTAC_FAN,ZN_0193_19CC016D_PTAC_DX_COOL,ZN_0193_19CC016D_PTAC_ELEC_HEAT
ZN_0194_0F0D150B,ZN_0194_0F0D150B_Lights,ZN_0194_0F0D150B_Equipment,ZN_0194_0F0D150B_PTAC,ZN_0194_0F0D150B_PTAC_FAN,ZN_0194_0F0D150B_PTAC_DX_COOL,ZN_0194_0F0D150B_PTAC_ELEC_HEAT
ZN_0195_3DDD217D,ZN_0195_3DDD217D_Lights,ZN_0195_3DDD217D_Equipment,ZN_0195_3DDD217D_PTAC,ZN_0195_3DDD217D_PTAC_FAN,ZN_0195_3DDD217D_PTAC_DX_COOL,ZN_0195_3DDD217D_PTAC_ELEC_HEAT
ZN_0196_B7B315D0,ZN_0196_B7B315D0_Lights,ZN_0196_B7B315D0_Equipment,ZN_0196_B7B315D0_PTAC,ZN_0196_B7B315D0_PTAC_FAN,ZN_0196_B7B315D0_PTAC_DX_COOL,ZN_0196_B7B315D0_PTAC_ELEC_HEAT
ZN_0197_84CB8A04,ZN_0197_84CB8A04_Lights,ZN_0197_84CB8A04_Equipment,ZN_0197_84CB8A04_PTAC,ZN_0197_84CB8A04_PTAC_FAN,ZN_0197_84CB8A04_PTAC_DX_COOL,ZN_0197_84CB8A04_PTAC_ELEC_HEAT
ZN_0198_AB8A94F0,ZN_0198_AB8A94F0_Lights,ZN_0198_AB8A94F0_Equipment,ZN_0198_AB8A94F0_PTAC,ZN_0198_AB8A94F0_PTAC_FAN,ZN_0198_AB8A94F0_PTAC_DX_COOL,ZN_0198_AB8A94F0_PTAC_ELEC_HEAT
ZN_0199_F4252FE2,ZN_0199_F4252FE2_Lights,ZN_0199_F4252FE2_Equipment,ZN_0199_F4252FE2_PTAC,ZN_0199_F4252FE2_PTAC_FAN,ZN_0199_F4252FE2_PTAC_DX_COOL,ZN_0199_F4252FE2_PTAC_ELEC_HEAT
ZN_0200_B87919D7,ZN_0200_B87919D7_Lights,ZN_0200_B87919D7_Equipment,ZN_0200_B87919D7_PTAC,ZN_0200_B87919D7_PTAC_FAN,ZN_0200_B87919D7_PTAC_DX_COOL,ZN_0200_B87919D7_PTAC_ELEC_HEAT
ZN_0201_B36F9DC3,ZN_0201_B36F9DC3_Lights,ZN_0201_B36F9DC3_Equipment,ZN_0201_B36F9DC3_PTAC,ZN_0201_B36F9DC3_PTAC_FAN,ZN_0201_B36F9DC3_PTAC_DX_COOL,ZN_0201_B36F9DC3_PTAC_ELEC_HEAT
ZN_0202_2310BD25,ZN_0202_2310BD25_Lights,ZN_0202_2310BD25_Equipment,ZN_0202_2310BD25_PTAC,ZN_0202_2310BD25_PTAC_FAN,ZN_0202_2310BD25_PTAC_DX_COOL,ZN_0202_2310BD25_PTAC_ELEC_HEAT
ZN_0203_27084089,ZN_0203_27084089_Lights,ZN_0203_27084089_Equipment,ZN_0203_27084089_PTAC,ZN_0203_27084089_PTAC_FAN,ZN_0203_27084089_PTAC_DX_COOL,ZN_0203_27084089_PTAC_ELEC_HEAT
ZN_0204_C7F78A1B,ZN_0204_C7F78A1B_Lights,ZN_0204_C7F78A1B_Equipment,ZN_0204_C7F78A1B_PTAC,ZN_0204_C7F78A1B_PTAC_FAN,ZN_0204_C7F78A1B_PTAC_DX_COOL,ZN_0204_C7F78A1B_PTAC_ELEC_HEAT
ZN_0205_AA35370C,ZN_0205_AA35370C_Lights,ZN_0205_AA35370C_Equipment,ZN_0205_AA35370C_PTAC,ZN_0205_AA35370C_PTAC_FAN,ZN_0205_AA35370C_PTAC_DX_COOL,ZN_0205_AA35370C_PTAC_ELEC_HEAT
ZN_0206_50D86E3A,ZN_0206_50D86E3A_Lights,ZN_0206_50D86E3A_Equipment,ZN_0206_50D86E3A_PTAC,ZN_0206_50D86E3A_PTAC_FAN,ZN_0206_50D86E3A_PTAC_DX_COOL,ZN_0206_50D86E3A_PTAC_ELEC_HEAT
ZN_0207_BC55BDE5,ZN_0207_BC55BDE5_Lights,ZN_0207_BC55BDE5_Equipment,ZN_0207_BC55BDE5_PTAC,ZN_0207_BC55BDE5_PTAC_FAN,ZN_0207_BC55BDE5_PTAC_DX_COOL,ZN_0207_BC55BDE5_PTAC_ELEC_HEAT
ZN_0208_B04A5E69,ZN_0208_B04A5E69_Lights,ZN_0208_B04A5E69_Equipment,ZN_0208_B04A5E69_PTAC,ZN_0208_B04A5E69_PTAC_FAN,ZN_0208_B04A5E69_PTAC_DX_COOL,ZN_0208_B04A5E69_PTAC_ELEC_HEAT
ZN_0209_0B5E417C,ZN_0209_0B5E417C_Lights,ZN_0209_0B5E417C_Equipment,ZN_0209_0B5E417C_PTAC,ZN_0209_0B5E417C_PTAC_FAN,ZN_0209_0B5E417C_PTAC_DX_COOL,ZN_0209_0B5E417C_PTAC_ELEC_HEAT
ZN_0210_C05A5679,ZN_0210_C05A5679_Lights,ZN_0210_C05A5679_Equipment,ZN_0210_C05A5679_PTAC,ZN_0210_C05A5679_PTAC_FAN,ZN_0210_C05A5679_PTAC_DX_COOL,ZN_0210_C05A5679_PTAC_ELEC_HEAT
ZN_0211_3BCB48A1,ZN_0211_3BCB48A1_Lights,ZN_0211_3BCB48A1_Equipment,ZN_0211_3BCB48A1_PTAC,ZN_0211_3BCB48A1_PTAC_FAN,ZN_0211_3BCB48A1_PTAC_DX_COOL,ZN_0211_3BCB48A1_PTAC_ELEC_HEAT
ZN_0212_03D07BFF,ZN_0212_03D07BFF_Lights,ZN_0212_03D07BFF_Equipment,ZN_0212_03D07BFF_PTAC,ZN_0212_03D07BFF_PTAC_FAN,ZN_0212_03D07BFF_PTAC_DX_COOL,ZN_0212_03D07BFF_PTAC_ELEC_HEAT
ZN_0213_F86865FF,ZN_0213_F86865FF_Lights,ZN_0213_F86865FF_Equipment,ZN_0213_F86865FF_PTAC,ZN_0213_F86865FF_PTAC_FAN,ZN_0213_F86865FF_PTAC_DX_COOL,ZN_0213_F86865FF_PTAC_ELEC_HEAT
ZN_0214_592CDF96,ZN_0214_592CDF96_Lights,ZN_0214_592CDF96_Equipment,ZN_0214_592CDF96_PTAC,ZN_0214_592CDF96_PTAC_FAN,ZN_0214_592CDF96_PTAC_DX_COOL,ZN_0214_592CDF96_PTAC_ELEC_HEAT
ZN_0215_445984BD,ZN_0215_445984BD_Lights,ZN_0215_445984BD_Equipment,ZN_0215_445984BD_PTAC,ZN_0215_445984BD_PTAC_FAN,ZN_0215_445984BD_PTAC_DX_COOL,ZN_0215_445984BD_PTAC_ELEC_HEAT
ZN_0216_D22EAFF9,ZN_0216_D22EAFF9_Lights,ZN_0216_D22EAFF9_Equipment,ZN_0216_D22EAFF9_PTAC,ZN_0216_D22EAFF9_PTAC_FAN,ZN_0216_D22EAFF9_PTAC_DX_COOL,ZN_0216_D22EAFF9_PTAC_ELEC_HEAT
ZN_0217_1D656F09,ZN_0217_1D656F09_Lights,ZN_0217_1D656F09_Equipment,ZN_0217_1D656F09_PTAC,ZN_0217_1D656F09_PTAC_FAN,ZN_0217_1D656F09_PTAC_DX_COOL,ZN_0217_1D656F09_PTAC_ELEC_HEAT
ZN_0218_0708C50B,ZN_0218_0708C50B_Lights,ZN_0218_0708C50B_Equipment,ZN_0218_0708C50B_PTAC,ZN_0218_0708C50B_PTAC_FAN,ZN_0218_0708C50B_PTAC_DX_COOL,ZN_0218_0708C50B_PTAC_ELEC_HEAT
ZN_0219_1912DD49,ZN_0219_1912DD49_Lights,ZN_0219_1912DD49_Equipment,ZN_0219_1912DD49_PTAC,ZN_0219_1912DD49_PTAC_FAN,ZN_0219_1912DD49_PTAC_DX_COOL,ZN_0219_1912DD49_PTAC_ELEC_HEAT
ZN_0220_91BB7379,ZN_0220_91BB7379_Lights,ZN_0220_91BB7379_Equipment,ZN_0220_91BB7379_PTAC,ZN_0220_91BB7379_PTAC_FAN,ZN_0220_91BB7379_PTAC_DX_COOL,ZN_0220_91BB7379_PTAC_ELEC_HEAT
ZN_0221_7639D718,ZN_0221_7639D718_Lights,ZN_0221_7639D718_Equipment,ZN_0221_7639D718_PTAC,ZN_0221_7639D718_PTAC_FAN,ZN_0221_7639D718_PTAC_DX_COOL,ZN_0221_7639D718_PTAC_ELEC_HEAT
ZN_0222_367716B4,ZN_0222_367716B4_Lights,ZN_0222_367716B4_Equipment,ZN_0222_367716B4_PTAC,ZN_0222_367716B4_PTAC_FAN,ZN_0222_367716B4_PTAC_DX_COOL,ZN_0222_367716B4_PTAC_ELEC_HEAT
ZN_0223_CDB3D360,ZN_0223_CDB3D360_Lights,ZN_0223_CDB3D360_Equipment,ZN_0223_CDB3D360_PTAC,ZN_0223_CDB3D360_PTAC_FAN,ZN_0223_CDB3D360_PTAC_DX_COOL,ZN_0223_CDB3D360_PTAC_ELEC_HEAT
ZN_0224_345E80D9,ZN_0224_345E80D9_Lights,ZN_0224_345E80D9_Equipment,ZN_0224_345E80D9_PTAC,ZN_0224_345E80D9_PTAC_FAN,ZN_0224_345E80D9_PTAC_DX_COOL,ZN_0224_345E80D9_PTAC_ELEC_HEAT
ZN_0225_222359DD,ZN_0225_222359DD_Lights,ZN_0225_222359DD_Equipment,ZN_0225_222359DD_PTAC,ZN_0225_222359DD_PTAC_FAN,ZN_0225_222359DD_PTAC_DX_COOL,ZN_0225_222359DD_PTAC_ELEC_HEAT
ZN_0226_ADE89E53,ZN_0226_ADE89E53_Lights,ZN_0226_ADE89E53_Equipment,ZN_0226_ADE89E53_PTAC,ZN_0226_ADE89E53_PTAC_FAN,ZN_0226_ADE89E53_PTAC_DX_COOL,ZN_0226_ADE89E53_PTAC_ELEC_HEAT
ZN_0227_3891FF71,ZN_0227_3891FF71_Lights,ZN_0227_3891FF71_Equipment,ZN_0227_3891FF71_PTAC,ZN_0227_3891FF71_PTAC_FAN,ZN_0227_3891FF71_PTAC_DX_COOL,ZN_0227_3891FF71_PTAC_ELEC_HEAT
ZN_0228_5E96565B,ZN_0228_5E96565B_Lights,ZN_0228_5E96565B_Equipment,ZN_0228_5E96565B_PTAC,ZN_0228_5E96565B_PTAC_FAN,ZN_0228_5E96565B_PTAC_DX_COOL,ZN_0228_5E96565B_PTAC_ELEC_HEAT
ZN_0229_ECE20C0C,ZN_0229_ECE20C0C_Lights,ZN_0229_ECE20C0C_Equipment,ZN_0229_ECE20C0C_PTAC,ZN_0229_ECE20C0C_PTAC_FAN,ZN_0229_ECE20C0C_PTAC_DX_COOL,ZN_0229_ECE20C0C_PTAC_ELEC_HEAT
ZN_0230_CBC7AD8B,ZN_0230_CBC7AD8B_Lights,ZN_0230_CBC7AD8B_Equipment,ZN_0230_CBC7AD8B_PTAC,ZN_0230_CBC7AD8B_PTAC_FAN,ZN_0230_CBC7AD8B_PTAC_DX_COOL,ZN_0230_CBC7AD8B_PTAC_ELEC_HEAT
ZN_0231_8A08D473,ZN_0231_8A08D473_Lights,ZN_0231_8A08D473_Equipment,ZN_0231_8A08D473_PTAC,ZN_0231_8A08D473_PTAC_FAN,ZN_0231_8A08D473_PTAC_DX_COOL,ZN_0231_8A08D473_PTAC_ELEC_HEAT
ZN_0232_E692BC15,ZN_0232_E692BC15_Lights,ZN_0232_E692BC15_Equipment,ZN_0232_E692BC15_PTAC,ZN_0232_E692BC15_PTAC_FAN,ZN_0232_E692BC15_PTAC_DX_COOL,ZN_0232_E692BC15_PTAC_ELEC_HEAT
ZN_0233_4EE70807,ZN_0233_4EE70807_Lights,ZN_0233_4EE70807_Equipment,ZN_0233_4EE70807_PTAC,ZN_0233_4EE70807_PTAC_FAN,ZN_0233_4EE70807_PTAC_DX_COOL,ZN_0233_4EE70807_PTAC_ELEC_HEAT
ZN_0234_9F4C8278,ZN_0234_9F4C8278_Lights,ZN_0234_9F4C8278_Equipment,ZN_0234_9F4C8278_PTAC,ZN_0234_9F4C8278_PTAC_FAN,ZN_0234_9F4C8278_PTAC_DX_COOL,ZN_0234_9F4C8278_PTAC_ELEC_HEAT
ZN_0235_C2AAAF37,ZN_0235_C2AAAF37_Lights,ZN_0235_C2AAAF37_Equipment,ZN_0235_C2AAAF37_PTAC,ZN_0235_C2AAAF37_PTAC_FAN,ZN_0235_C2AAAF37_PTAC_DX_COOL,ZN_0235_C2AAAF37_PTAC_ELEC_HEAT
ZN_0236_5018E57E,ZN_0236_5018E57E_Lights,ZN_0236_5018E57E_Equipment,ZN_0236_5018E57E_PTAC,ZN_0236_5018E57E_PTAC_FAN,ZN_0236_5018E57E_PTAC_DX_COOL,ZN_0236_5018E57E_PTAC_ELEC_HEAT
ZN_0237_BB6659AA,ZN_0237_BB6659AA_Lights,ZN_0237_BB6659AA_Equipment,ZN_0237_BB6659AA_PTAC,ZN_0237_BB6659AA_PTAC_FAN,ZN_0237_BB6659AA_PTAC_DX_COOL,ZN_0237_BB6659AA_PTAC_ELEC_HEAT
ZN_0238_A439495B,ZN_0238_A439495B_Lights,ZN_0238_A439495B_Equipment,ZN_0238_A439495B_PTAC,ZN_0238_A439495B_PTAC_FAN,ZN_0238_A439495B_PTAC_DX_COOL,ZN_0238_A439495B_PTAC_ELEC_HEAT
ZN_0239_5247F99E,ZN_0239_5247F99E_Lights,ZN_0239_5247F99E_Equipment,ZN_0239_5247F99E_PTAC,ZN_0239_5247F99E_PTAC_FAN,ZN_0239_5247F99E_PTAC_DX_COOL,ZN_0239_5247F99E_PTAC_ELEC_HEAT
ZN_0240_1F18C60A,ZN_0240_1F18C60A_Lights,ZN_0240_1F18C60A_Equipment,ZN_0240_1F18C60A_PTAC,ZN_0240_1F18C60A_PTAC_FAN,ZN_0240_1F18C60A_PTAC_DX_COOL,ZN_0240_1F18C60A_PTAC_ELEC_HEAT
ZN_0241_30D90A96,ZN_0241_30D90A96_Lights,ZN_0241_30D90A96_Equipment,ZN_0241_30D90A96_PTAC,ZN_0241_30D90A96_PTAC_FAN,ZN_0241_30D90A96_PTAC_DX_COOL,ZN_0241_30D90A96_PTAC_ELEC_HEAT
ZN_0242_131CC093,ZN_0242_131CC093_Lights,ZN_0242_131CC093_Equipment,ZN_0242_131CC093_PTAC,ZN_0242_131CC093_PTAC_FAN,ZN_0242_131CC093_PTAC_DX_COOL,ZN_0242_131CC093_PTAC_ELEC_HEAT
ZN_0243_35B66173,ZN_0243_35B66173_Lights,ZN_0243_35B66173_Equipment,ZN_0243_35B66173_PTAC,ZN_0243_35B66173_PTAC_FAN,ZN_0243_35B66173_PTAC_DX_COOL,ZN_0243_35B66173_PTAC_ELEC_HEAT
ZN_0244_93D59450,ZN_0244_93D59450_Lights,ZN_0244_93D59450_Equipment,ZN_0244_93D59450_PTAC,ZN_0244_93D59450_PTAC_FAN,ZN_0244_93D59450_PTAC_DX_COOL,ZN_0244_93D59450_PTAC_ELEC_HEAT
ZN_0245_2ABD5889,ZN_0245_2ABD5889_Lights,ZN_0245_2ABD5889_Equipment,ZN_0245_2ABD5889_PTAC,ZN_0245_2ABD5889_PTAC_FAN,ZN_0245_2ABD5889_PTAC_DX_COOL,ZN_0245_2ABD5889_PTAC_ELEC_HEAT
ZN_0246_2E760192,ZN_0246_2E760192_Lights,ZN_0246_2E760192_Equipment,ZN_0246_2E760192_PTAC,ZN_0246_2E760192_PTAC_FAN,ZN_0246_2E760192_PTAC_DX_COOL,ZN_0246_2E760192_PTAC_ELEC_HEAT
ZN_0247_F1E62B86,ZN_0247_F1E62B86_Lights,ZN_0247_F1E62B86_Equipment,ZN_0247_F1E62B86_PTAC,ZN_0247_F1E62B86_PTAC_FAN,ZN_0247_F1E62B86_PTAC_DX_COOL,ZN_0247_F1E62B86_PTAC_ELEC_HEAT
ZN_0248_B5DAE375,ZN_0248_B5DAE375_Lights,ZN_0248_B5DAE375_Equipment,ZN_0248_B5DAE375_PTAC,ZN_0248_B5DAE375_PTAC_FAN,ZN_0248_B5DAE375_PTAC_DX_COOL,ZN_0248_B5DAE375_PTAC_ELEC_HEAT
ZN_0249_66A29656,ZN_0249_66A29656_Lights,ZN_0249_66A29656_Equipment,ZN_0249_66A29656_PTAC,ZN_0249_66A29656_PTAC_FAN,ZN_0249_66A29656_PTAC_DX_COOL,ZN_0249_66A29656_PTAC_ELEC_HEAT
ZN_0250_68A4A910,ZN_0250_68A4A910_Lights,ZN_0250_68A4A910_Equipment,ZN_0250_68A4A910_PTAC,ZN_0250_68A4A910_PTAC_FAN,ZN_0250_68A4A910_PTAC_DX_COOL,ZN_0250_68A4A910_PTAC_ELEC_HEAT
ZN_0251_D0166AAF,ZN_0251_D0166AAF_Lights,ZN_0251_D0166AAF_Equipment,ZN_0251_D0166AAF_PTAC,ZN_0251_D0166AAF_PTAC_FAN,ZN_0251_D0166AAF_PTAC_DX_COOL,ZN_0251_D0166AAF_PTAC_ELEC_HEAT
ZN_0252_046FBA35,ZN_0252_046FBA35_Lights,ZN_0252_046FBA35_Equipment,ZN_0252_046FBA35_PTAC,ZN_0252_046FBA35_PTAC_FAN,ZN_0252_046FBA35_PTAC_DX_COOL,ZN_0252_046FBA35_PTAC_ELEC_HEAT
ZN_0253_99BEC91D,ZN_0253_99BEC91D_Lights,ZN_0253_99BEC91D_Equipment,ZN_0253_99BEC91D_PTAC,ZN_0253_99BEC91D_PTAC_FAN,ZN_0253_99BEC91D_PTAC_DX_COOL,ZN_0253_99BEC91D_PTAC_ELEC_HEAT
ZN_0254_CE9D4782,ZN_0254_CE9D4782_Lights,ZN_0254_CE9D4782_Equipment,ZN_0254_CE9D4782_PTAC,ZN_0254_CE9D4782_PTAC_FAN,ZN_0254_CE9D4782_PTAC_DX_COOL,ZN_0254_CE9D4782_PTAC_ELEC_HEAT
ZN_0255_0788E1C8,ZN_0255_0788E1C8_Lights,ZN_0255_0788E1C8_Equipment,ZN_0255_0788E1C8_PTAC,ZN_0255_0788E1C8_PTAC_FAN,ZN_0255_0788E1C8_PTAC_DX_COOL,ZN_0255_0788E1C8_PTAC_ELEC_HEAT
ZN_0256_61C1CDEF,ZN_0256_61C1CDEF_Lights,ZN_0256_61C1CDEF_Equipment,ZN_0256_61C1CDEF_PTAC,ZN_0256_61C1CDEF_PTAC_FAN,ZN_0256_61C1CDEF_PTAC_DX_COOL,ZN_0256_61C1CDEF_PTAC_ELEC_HEAT
ZN_0257_4AF0C1CC,ZN_0257_4AF0C1CC_Lights,ZN_0257_4AF0C1CC_Equipment,ZN_0257_4AF0C1CC_PTAC,ZN_0257_4AF0C1CC_PTAC_FAN,ZN_0257_4AF0C1CC_PTAC_DX_COOL,ZN_0257_4AF0C1CC_PTAC_ELEC_HEAT
ZN_0258_D261444B,ZN_0258_D261444B_Lights,ZN_0258_D261444B_Equipment,ZN_0258_D261444B_PTAC,ZN_0258_D261444B_PTAC_FAN,ZN_0258_D261444B_PTAC_DX_COOL,ZN_0258_D261444B_PTAC_ELEC_HEAT
ZN_0259_6F72C06C,ZN_0259_6F72C06C_Lights,ZN_0259_6F72C06C_Equipment,ZN_0259_6F72C06C_PTAC,ZN_0259_6F72C06C_PTAC_FAN,ZN_0259_6F72C06C_PTAC_DX_COOL,ZN_0259_6F72C06C_PTAC_ELEC_HEAT
ZN_0260_14562137,ZN_0260_14562137_Lights,ZN_0260_14562137_Equipment,ZN_0260_14562137_PTAC,ZN_0260_14562137_PTAC_FAN,ZN_0260_14562137_PTAC_DX_COOL,ZN_0260_14562137_PTAC_ELEC_HEAT
ZN_0261_1BCBFE75,ZN_0261_1BCBFE75_Lights,ZN_0261_1BCBFE75_Equipment,ZN_0261_1BCBFE75_PTAC,ZN_0261_1BCBFE75_PTAC_FAN,ZN_0261_1BCBFE75_PTAC_DX_COOL,ZN_0261_1BCBFE75_PTAC_ELEC_HEAT
ZN_0262_9F618C37,ZN_0262_9F618C37_Lights,ZN_0262_9F618C37_Equipment,ZN_0262_9F618C37_PTAC,ZN_0262_9F618C37_PTAC_FAN,ZN_0262_9F618C37_PTAC_DX_COOL,ZN_0262_9F618C37_PTAC_ELEC_HEAT
ZN_0263_2CB3BA79,ZN_0263_2CB3BA79_Lights,ZN_0263_2CB3BA79_Equipment,ZN_0263_2CB3BA79_PTAC,ZN_0263_2CB3BA79_PTAC_FAN,ZN_0263_2CB3BA79_PTAC_DX_COOL,ZN_0263_2CB3BA79_PTAC_ELEC_HEAT
ZN_0264_B06BFED4,ZN_0264_B06BFED4_Lights,ZN_0264_B06BFED4_Equipment,ZN_0264_B06BFED4_PTAC,ZN_0264_B06BFED4_PTAC_FAN,ZN_0264_B06BFED4_PTAC_DX_COOL,ZN_0264_B06BFED4_PTAC_ELEC_HEAT
ZN_0265_925E8FE2,ZN_0265_925E8FE2_Lights,ZN_0265_925E8FE2_Equipment,ZN_0265_925E8FE2_PTAC,ZN_0265_925E8FE2_PTAC_FAN,ZN_0265_925E8FE2_PTAC_DX_COOL,ZN_0265_925E8FE2_PTAC_ELEC_HEAT
ZN_0266_2523BFD6,ZN_0266_2523BFD6_Lights,ZN_0266_2523BFD6_Equipment,,,,
ZN_0267_497EA3B3,ZN_0267_497EA3B3_Lights,ZN_0267_497EA3B3_Equipment,ZN_0267_497EA3B3_PTAC,ZN_0267_497EA3B3_PTAC_FAN,ZN_0267_497EA3B3_PTAC_DX_COOL,ZN_0267_497EA3B3_PTAC_ELEC_HEAT
ZN_0268_96945421,ZN_0268_96945421_Lights,ZN_0268_96945421_Equipment,ZN_0268_96945421_PTAC,ZN_0268_96945421_PTAC_FAN,ZN_0268_96945421_PTAC_DX_COOL,ZN_0268_96945421_PTAC_ELEC_HEAT
ZN_0269_568115C0,ZN_0269_568115C0_Lights,ZN_0269_568115C0_Equipment,ZN_0269_568115C0_PTAC,ZN_0269_568115C0_PTAC_FAN,ZN_0269_568115C0_PTAC_DX_COOL,ZN_0269_568115C0_PTAC_ELEC_HEAT
ZN_0270_57BF41B5,ZN_0270_57BF41B5_Lights,ZN_0270_57BF41B5_Equipment,ZN_0270_57BF41B5_PTAC,ZN_0270_57BF41B5_PTAC_FAN,ZN_0270_57BF41B5_PTAC_DX_COOL,ZN_0270_57BF41B5_PTAC_ELEC_HEAT
ZN_0271_5AC21D28,ZN_0271_5AC21D28_Lights,ZN_0271_5AC21D28_Equipment,ZN_0271_5AC21D28_PTAC,ZN_0271_5AC21D28_PTAC_FAN,ZN_0271_5AC21D28_PTAC_DX_COOL,ZN_0271_5AC21D28_PTAC_ELEC_HEAT
ZN_0272_B6A74653,ZN_0272_B6A74653_Lights,ZN_0272_B6A74653_Equipment,ZN_0272_B6A74653_PTAC,ZN_0272_B6A74653_PTAC_FAN,ZN_0272_B6A74653_PTAC_DX_COOL,ZN_0272_B6A74653_PTAC_ELEC_HEAT
ZN_0273_2EEE0E20,ZN_0273_2EEE0E20_Lights,ZN_0273_2EEE0E20_Equipment,ZN_0273_2EEE0E20_PTAC,ZN_0273_2EEE0E20_PTAC_FAN,ZN_0273_2EEE0E20_PTAC_DX_COOL,ZN_0273_2EEE0E20_PTAC_ELEC_HEAT
ZN_0274_1ED6441B,ZN_0274_1ED6441B_Lights,ZN_0274_1ED6441B_Equipment,ZN_0274_1ED6441B_PTAC,ZN_0274_1ED6441B_PTAC_FAN,ZN_0274_1ED6441B_PTAC_DX_COOL,ZN_0274_1ED6441B_PTAC_ELEC_HEAT
ZN_0275_2B29D3B8,ZN_0275_2B29D3B8_Lights,ZN_0275_2B29D3B8_Equipment,ZN_0275_2B29D3B8_PTAC,ZN_0275_2B29D3B8_PTAC_FAN,ZN_0275_2B29D3B8_PTAC_DX_COOL,ZN_0275_2B29D3B8_PTAC_ELEC_HEAT
ZN_0276_A71955C6,ZN_0276_A71955C6_Lights,ZN_0276_A71955C6_Equipment,ZN_0276_A71955C6_PTAC,ZN_0276_A71955C6_PTAC_FAN,ZN_0276_A71955C6_PTAC_DX_COOL,ZN_0276_A71955C6_PTAC_ELEC_HEAT
ZN_0277_73DCF447,ZN_0277_73DCF447_Lights,ZN_0277_73DCF447_Equipment,ZN_0277_73DCF447_PTAC,ZN_0277_73DCF447_PTAC_FAN,ZN_0277_73DCF447_PTAC_DX_COOL,ZN_0277_73DCF447_PTAC_ELEC_HEAT
ZN_0278_AD3DC999,ZN_0278_AD3DC999_Lights,ZN_0278_AD3DC999_Equipment,ZN_0278_AD3DC999_PTAC,ZN_0278_AD3DC999_PTAC_FAN,ZN_0278_AD3DC999_PTAC_DX_COOL,ZN_0278_AD3DC999_PTAC_ELEC_HEAT
ZN_0279_43103D68,ZN_0279_43103D68_Lights,ZN_0279_43103D68_Equipment,ZN_0279_43103D68_PTAC,ZN_0279_43103D68_PTAC_FAN,ZN_0279_43103D68_PTAC_DX_COOL,ZN_0279_43103D68_PTAC_ELEC_HEAT
ZN_0280_8D1EF124,ZN_0280_8D1EF124_Lights,ZN_0280_8D1EF124_Equipment,ZN_0280_8D1EF124_PTAC,ZN_0280_8D1EF124_PTAC_FAN,ZN_0280_8D1EF124_PTAC_DX_COOL,ZN_0280_8D1EF124_PTAC_ELEC_HEAT
ZN_0281_C127CE46,ZN_0281_C127CE46_Lights,ZN_0281_C127CE46_Equipment,ZN_0281_C127CE46_PTAC,ZN_0281_C127CE46_PTAC_FAN,ZN_0281_C127CE46_PTAC_DX_COOL,ZN_0281_C127CE46_PTAC_ELEC_HEAT
ZN_0282_C96AADF7,ZN_0282_C96AADF7_Lights,ZN_0282_C96AADF7_Equipment,ZN_0282_C96AADF7_PTAC,ZN_0282_C96AADF7_PTAC_FAN,ZN_0282_C96AADF7_PTAC_DX_COOL,ZN_0282_C96AADF7_PTAC_ELEC_HEAT
ZN_0283_D56E37FB,ZN_0283_D56E37FB_Lights,ZN_0283_D56E37FB_Equipment,ZN_0283_D56E37FB_PTAC,ZN_0283_D56E37FB_PTAC_FAN,ZN_0283_D56E37FB_PTAC_DX_COOL,ZN_0283_D56E37FB_PTAC_ELEC_HEAT
ZN_0284_2EA9F373,ZN_0284_2EA9F373_Lights,ZN_0284_2EA9F373_Equipment,ZN_0284_2EA9F373_PTAC,ZN_0284_2EA9F373_PTAC_FAN,ZN_0284_2EA9F373_PTAC_DX_COOL,ZN_0284_2EA9F373_PTAC_ELEC_HEAT
ZN_0285_54473F78,ZN_0285_54473F78_Lights,ZN_0285_54473F78_Equipment,ZN_0285_54473F78_PTAC,ZN_0285_54473F78_PTAC_FAN,ZN_0285_54473F78_PTAC_DX_COOL,ZN_0285_54473F78_PTAC_ELEC_HEAT
ZN_0286_5EF5517F,ZN_0286_5EF5517F_Lights,ZN_0286_5EF5517F_Equipment,ZN_0286_5EF5517F_PTAC,ZN_0286_5EF5517F_PTAC_FAN,ZN_0286_5EF5517F_PTAC_DX_COOL,ZN_0286_5EF5517F_PTAC_ELEC_HEAT
ZN_0287_C19940B7,ZN_0287_C19940B7_Lights,ZN_0287_C19940B7_Equipment,ZN_0287_C19940B7_PTAC,ZN_0287_C19940B7_PTAC_FAN,ZN_0287_C19940B7_PTAC_DX_COOL,ZN_0287_C19940B7_PTAC_ELEC_HEAT
ZN_0288_789A2830,ZN_0288_789A2830_Lights,ZN_0288_789A2830_Equipment,ZN_0288_789A2830_PTAC,ZN_0288_789A2830_PTAC_FAN,ZN_0288_789A2830_PTAC_DX_COOL,ZN_0288_789A2830_PTAC_ELEC_HEAT
ZN_0289_FF7977CA,ZN_0289_FF7977CA_Lights,ZN_0289_FF7977CA_Equipment,ZN_0289_FF7977CA_PTAC,ZN_0289_FF7977CA_PTAC_FAN,ZN_0289_FF7977CA_PTAC_DX_COOL,ZN_0289_FF7977CA_PTAC_ELEC_HEAT
ZN_0290_5F7CD2A7,ZN_0290_5F7CD2A7_Lights,ZN_0290_5F7CD2A7_Equipment,ZN_0290_5F7CD2A7_PTAC,ZN_0290_5F7CD2A7_PTAC_FAN,ZN_0290_5F7CD2A7_PTAC_DX_COOL,ZN_0290_5F7CD2A7_PTAC_ELEC_HEAT
ZN_0291_1B97CAAF,ZN_0291_1B97CAAF_Lights,ZN_0291_1B97CAAF_Equipment,ZN_0291_1B97CAAF_PTAC,ZN_0291_1B97CAAF_PTAC_FAN,ZN_0291_1B97CAAF_PTAC_DX_COOL,ZN_0291_1B97CAAF_PTAC_ELEC_HEAT
ZN_0292_DCDDE856,ZN_0292_DCDDE856_Lights,ZN_0292_DCDDE856_Equipment,ZN_0292_DCDDE856_PTAC,ZN_0292_DCDDE856_PTAC_FAN,ZN_0292_DCDDE856_PTAC_DX_COOL,ZN_0292_DCDDE856_PTAC_ELEC_HEAT
ZN_0293_6FAE91E5,ZN_0293_6FAE91E5_Lights,ZN_0293_6FAE91E5_Equipment,ZN_0293_6FAE91E5_PTAC,ZN_0293_6FAE91E5_PTAC_FAN,ZN_0293_6FAE91E5_PTAC_DX_COOL,ZN_0293_6FAE91E5_PTAC_ELEC_HEAT
ZN_0294_088EBCD4,ZN_0294_088EBCD4_Lights,ZN_0294_088EBCD4_Equipment,ZN_0294_088EBCD4_PTAC,ZN_0294_088EBCD4_PTAC_FAN,ZN_0294_088EBCD4_PTAC_DX_COOL,ZN_0294_088EBCD4_PTAC_ELEC_HEAT
ZN_0295_4A4D56B9,ZN_0295_4A4D56B9_Lights,ZN_0295_4A4D56B9_Equipment,ZN_0295_4A4D56B9_PTAC,ZN_0295_4A4D56B9_PTAC_FAN,ZN_0295_4A4D56B9_PTAC_DX_COOL,ZN_0295_4A4D56B9_PTAC_ELEC_HEAT
ZN_0296_4A7BE659,ZN_0296_4A7BE659_Lights,ZN_0296_4A7BE659_Equipment,ZN_0296_4A7BE659_PTAC,ZN_0296_4A7BE659_PTAC_FAN,ZN_0296_4A7BE659_PTAC_DX_COOL,ZN_0296_4A7BE659_PTAC_ELEC_HEAT
ZN_0297_D9E6F5EB,ZN_0297_D9E6F5EB_Lights,ZN_0297_D9E6F5EB_Equipment,ZN_0297_D9E6F5EB_PTAC,ZN_0297_D9E6F5EB_PTAC_FAN,ZN_0297_D9E6F5EB_PTAC_DX_COOL,ZN_0297_D9E6F5EB_PTAC_ELEC_HEAT
ZN_0298_ACFB5BB6,ZN_0298_ACFB5BB6_Lights,ZN_0298_ACFB5BB6_Equipment,ZN_0298_ACFB5BB6_PTAC,ZN_0298_ACFB5BB6_PTAC_FAN,ZN_0298_ACFB5BB6_PTAC_DX_COOL,ZN_0298_ACFB5BB6_PTAC_ELEC_HEAT
ZN_0299_4A29A494,ZN_0299_4A29A494_Lights,ZN_0299_4A29A494_Equipment,ZN_0299_4A29A494_PTAC,ZN_0299_4A29A494_PTAC_FAN,ZN_0299_4A29A494_PTAC_DX_COOL,ZN_0299_4A29A494_PTAC_ELEC_HEAT
ZN_0300_57F5CE82,ZN_0300_57F5CE82_Lights,ZN_0300_57F5CE82_Equipment,ZN_0300_57F5CE82_PTAC,ZN_0300_57F5CE82_PTAC_FAN,ZN_0300_57F5CE82_PTAC_DX_COOL,ZN_0300_57F5CE82_PTAC_ELEC_HEAT
ZN_0301_A2B0C854,ZN_0301_A2B0C854_Lights,ZN_0301_A2B0C854_Equipment,ZN_0301_A2B0C854_PTAC,ZN_0301_A2B0C854_PTAC_FAN,ZN_0301_A2B0C854_PTAC_DX_COOL,ZN_0301_A2B0C854_PTAC_ELEC_HEAT
ZN_0302_7EA2410B,ZN_0302_7EA2410B_Lights,ZN_0302_7EA2410B_Equipment,ZN_0302_7EA2410B_PTAC,ZN_0302_7EA2410B_PTAC_FAN,ZN_0302_7EA2410B_PTAC_DX_COOL,ZN_0302_7EA2410B_PTAC_ELEC_HEAT
ZN_0303_013F9A39,ZN_0303_013F9A39_Lights,ZN_0303_013F9A39_Equipment,ZN_0303_013F9A39_PTAC,ZN_0303_013F9A39_PTAC_FAN,ZN_0303_013F9A39_PTAC_DX_COOL,ZN_0303_013F9A39_PTAC_ELEC_HEAT
ZN_0304_7410DBD9,ZN_0304_7410DBD9_Lights,ZN_0304_7410DBD9_Equipment,ZN_0304_7410DBD9_PTAC,ZN_0304_7410DBD9_PTAC_FAN,ZN_0304_7410DBD9_PTAC_DX_COOL,ZN_0304_7410DBD9_PTAC_ELEC_HEAT
ZN_0305_995A6535,ZN_0305_995A6535_Lights,ZN_0305_995A6535_Equipment,ZN_0305_995A6535_PTAC,ZN_0305_995A6535_PTAC_FAN,ZN_0305_995A6535_PTAC_DX_COOL,ZN_0305_995A6535_PTAC_ELEC_HEAT
ZN_0306_D5AC2107,ZN_0306_D5AC2107_Lights,ZN_0306_D5AC2107_Equipment,ZN_0306_D5AC2107_PTAC,ZN_0306_D5AC2107_PTAC_FAN,ZN_0306_D5AC2107_PTAC_DX_COOL,ZN_0306_D5AC2107_PTAC_ELEC_HEAT
ZN_0307_162B24A8,ZN_0307_162B24A8_Lights,ZN_0307_162B24A8_Equipment,ZN_0307_162B24A8_PTAC,ZN_0307_162B24A8_PTAC_FAN,ZN_0307_162B24A8_PTAC_DX_COOL,ZN_0307_162B24A8_PTAC_ELEC_HEAT
ZN_0308_7C3D6784,ZN_0308_7C3D6784_Lights,ZN_0308_7C3D6784_Equipment,ZN_0308_7C3D6784_PTAC,ZN_0308_7C3D6784_PTAC_FAN,ZN_0308_7C3D6784_PTAC_DX_COOL,ZN_0308_7C3D6784_PTAC_ELEC_HEAT
